date,year,month,quarter,vehicle_category,manufacturer,registrations,prev_year_registrations,yoy_growth,prev_quarter_registrations,qoq_growth
2020-01-31,2020,1,Q1,2W,Bajaj,130645,,,,
2020-02-29,2020,2,Q1,2W,Bajaj,149532,,,,
2020-03-31,2020,3,Q1,2W,Bajaj,89105,,,,
2020-04-30,2020,4,Q2,2W,Bajaj,108039,,,130645.0,-17.3
2020-05-31,2020,5,Q2,2W,Bajaj,82131,,,149532.0,-45.07
2020-06-30,2020,6,Q2,2W,Bajaj,91671,,,89105.0,2.88
2020-07-31,2020,7,Q3,2W,Bajaj,75307,,,108039.0,-30.3
2020-08-31,2020,8,Q3,2W,Bajaj,60633,,,82131.0,-26.18
2020-09-30,2020,9,Q3,2W,Bajaj,83311,,,91671.0,-9.12
2020-10-31,2020,10,Q4,2W,Bajaj,103241,,,75307.0,37.09
2020-11-30,2020,11,Q4,2W,Bajaj,129091,,,60633.0,112.91
2020-12-31,2020,12,Q4,2W,Bajaj,90997,,,83311.0,9.23
2021-01-31,2021,1,Q1,2W,Bajaj,102667,130645.0,-21.42,103241.0,-0.56
2021-02-28,2021,2,Q1,2W,Bajaj,101117,149532.0,-32.38,129091.0,-21.67
2021-03-31,2021,3,Q1,2W,Bajaj,146631,89105.0,64.56,90997.0,61.14
2021-04-30,2021,4,Q2,2W,Bajaj,128738,108039.0,19.16,102667.0,25.39
2021-05-31,2021,5,Q2,2W,Bajaj,132654,82131.0,61.52,101117.0,31.19
2021-06-30,2021,6,Q2,2W,Bajaj,111559,91671.0,21.69,146631.0,-23.92
2021-07-31,2021,7,Q3,2W,Bajaj,135430,75307.0,79.84,128738.0,5.2
2021-08-31,2021,8,Q3,2W,Bajaj,133376,60633.0,119.97,132654.0,0.54
2021-09-30,2021,9,Q3,2W,Bajaj,154074,83311.0,84.94,111559.0,38.11
2021-10-31,2021,10,Q4,2W,Bajaj,202894,103241.0,96.52,135430.0,49.81
2021-11-30,2021,11,Q4,2W,Bajaj,207814,129091.0,60.98,133376.0,55.81
2021-12-31,2021,12,Q4,2W,Bajaj,170337,90997.0,87.19,154074.0,10.56
2022-01-31,2022,1,Q1,2W,Bajaj,160523,102667.0,56.35,202894.0,-20.88
2022-02-28,2022,2,Q1,2W,Bajaj,167275,101117.0,65.43,207814.0,-19.51
2022-03-31,2022,3,Q1,2W,Bajaj,184024,146631.0,25.5,170337.0,8.04
2022-04-30,2022,4,Q2,2W,Bajaj,190102,128738.0,47.67,160523.0,18.43
2022-05-31,2022,5,Q2,2W,Bajaj,154242,132654.0,16.27,167275.0,-7.79
2022-06-30,2022,6,Q2,2W,Bajaj,147274,111559.0,32.01,184024.0,-19.97
2022-07-31,2022,7,Q3,2W,Bajaj,120764,135430.0,-10.83,190102.0,-36.47
2022-08-31,2022,8,Q3,2W,Bajaj,149212,133376.0,11.87,154242.0,-3.26
2022-09-30,2022,9,Q3,2W,Bajaj,174503,154074.0,13.26,147274.0,18.49
2022-10-31,2022,10,Q4,2W,Bajaj,193572,202894.0,-4.59,120764.0,60.29
2022-11-30,2022,11,Q4,2W,Bajaj,238671,207814.0,14.85,149212.0,59.95
2022-12-31,2022,12,Q4,2W,Bajaj,168499,170337.0,-1.08,174503.0,-3.44
2023-01-31,2023,1,Q1,2W,Bajaj,195561,160523.0,21.83,193572.0,1.03
2023-02-28,2023,2,Q1,2W,Bajaj,186483,167275.0,11.48,238671.0,-21.87
2023-03-31,2023,3,Q1,2W,Bajaj,179295,184024.0,-2.57,168499.0,6.41
2023-04-30,2023,4,Q2,2W,Bajaj,208360,190102.0,9.6,195561.0,6.54
2023-05-31,2023,5,Q2,2W,Bajaj,164042,154242.0,6.35,186483.0,-12.03
2023-06-30,2023,6,Q2,2W,Bajaj,178207,147274.0,21.0,179295.0,-0.61
2023-07-31,2023,7,Q3,2W,Bajaj,129036,120764.0,6.85,208360.0,-38.07
2023-08-31,2023,8,Q3,2W,Bajaj,147729,149212.0,-0.99,164042.0,-9.94
2023-09-30,2023,9,Q3,2W,Bajaj,180165,174503.0,3.24,178207.0,1.1
2023-10-31,2023,10,Q4,2W,Bajaj,235649,193572.0,21.74,129036.0,82.62
2023-11-30,2023,11,Q4,2W,Bajaj,250289,238671.0,4.87,147729.0,69.42
2023-12-31,2023,12,Q4,2W,Bajaj,158491,168499.0,-5.94,180165.0,-12.03
2024-01-31,2024,1,Q1,2W,Bajaj,182298,195561.0,-6.78,235649.0,-22.64
2024-02-29,2024,2,Q1,2W,Bajaj,179239,186483.0,-3.88,250289.0,-28.39
2024-03-31,2024,3,Q1,2W,Bajaj,238202,179295.0,32.85,158491.0,50.29
2024-04-30,2024,4,Q2,2W,Bajaj,195344,208360.0,-6.25,182298.0,7.16
2024-05-31,2024,5,Q2,2W,Bajaj,208621,164042.0,27.18,179239.0,16.39
2024-06-30,2024,6,Q2,2W,Bajaj,191366,178207.0,7.38,238202.0,-19.66
2024-07-31,2024,7,Q3,2W,Bajaj,159980,129036.0,23.98,195344.0,-18.1
2024-08-31,2024,8,Q3,2W,Bajaj,156173,147729.0,5.72,208621.0,-25.14
2024-09-30,2024,9,Q3,2W,Bajaj,199420,180165.0,10.69,191366.0,4.21
2024-10-31,2024,10,Q4,2W,Bajaj,225472,235649.0,-4.32,159980.0,40.94
2024-11-30,2024,11,Q4,2W,Bajaj,247882,250289.0,-0.96,156173.0,58.72
2024-12-31,2024,12,Q4,2W,Bajaj,209904,158491.0,32.44,199420.0,5.26
2020-01-31,2020,1,Q1,2W,Hero MotoCorp,447121,,,,
2020-02-29,2020,2,Q1,2W,Hero MotoCorp,445057,,,,
2020-03-31,2020,3,Q1,2W,Hero MotoCorp,287536,,,,
2020-04-30,2020,4,Q2,2W,Hero MotoCorp,281687,,,447121.0,-37.0
2020-05-31,2020,5,Q2,2W,Hero MotoCorp,234097,,,445057.0,-47.4
2020-06-30,2020,6,Q2,2W,Hero MotoCorp,234159,,,287536.0,-18.56
2020-07-31,2020,7,Q3,2W,Hero MotoCorp,204538,,,281687.0,-27.39
2020-08-31,2020,8,Q3,2W,Hero MotoCorp,193303,,,234097.0,-17.43
2020-09-30,2020,9,Q3,2W,Hero MotoCorp,273482,,,234159.0,16.79
2020-10-31,2020,10,Q4,2W,Hero MotoCorp,373001,,,204538.0,82.36
2020-11-30,2020,11,Q4,2W,Hero MotoCorp,337360,,,193303.0,74.52
2020-12-31,2020,12,Q4,2W,Hero MotoCorp,288724,,,273482.0,5.57
2021-01-31,2021,1,Q1,2W,Hero MotoCorp,344066,447121.0,-23.05,373001.0,-7.76
2021-02-28,2021,2,Q1,2W,Hero MotoCorp,337225,445057.0,-24.23,337360.0,-0.04
2021-03-31,2021,3,Q1,2W,Hero MotoCorp,350899,287536.0,22.04,288724.0,21.53
2021-04-30,2021,4,Q2,2W,Hero MotoCorp,371853,281687.0,32.01,344066.0,8.08
2021-05-31,2021,5,Q2,2W,Hero MotoCorp,378718,234097.0,61.78,337225.0,12.3
2021-06-30,2021,6,Q2,2W,Hero MotoCorp,357168,234159.0,52.53,350899.0,1.79
2021-07-31,2021,7,Q3,2W,Hero MotoCorp,322075,204538.0,57.46,371853.0,-13.39
2021-08-31,2021,8,Q3,2W,Hero MotoCorp,378493,193303.0,95.8,378718.0,-0.06
2021-09-30,2021,9,Q3,2W,Hero MotoCorp,464580,273482.0,69.88,357168.0,30.07
2021-10-31,2021,10,Q4,2W,Hero MotoCorp,533031,373001.0,42.9,322075.0,65.5
2021-11-30,2021,11,Q4,2W,Hero MotoCorp,577941,337360.0,71.31,378493.0,52.7
2021-12-31,2021,12,Q4,2W,Hero MotoCorp,507628,288724.0,75.82,464580.0,9.27
2022-01-31,2022,1,Q1,2W,Hero MotoCorp,461025,344066.0,33.99,533031.0,-13.51
2022-02-28,2022,2,Q1,2W,Hero MotoCorp,423435,337225.0,25.56,577941.0,-26.73
2022-03-31,2022,3,Q1,2W,Hero MotoCorp,536022,350899.0,52.76,507628.0,5.59
2022-04-30,2022,4,Q2,2W,Hero MotoCorp,556452,371853.0,49.64,461025.0,20.7
2022-05-31,2022,5,Q2,2W,Hero MotoCorp,479330,378718.0,26.57,423435.0,13.2
2022-06-30,2022,6,Q2,2W,Hero MotoCorp,518090,357168.0,45.05,536022.0,-3.35
2022-07-31,2022,7,Q3,2W,Hero MotoCorp,418465,322075.0,29.93,556452.0,-24.8
2022-08-31,2022,8,Q3,2W,Hero MotoCorp,370902,378493.0,-2.01,479330.0,-22.62
2022-09-30,2022,9,Q3,2W,Hero MotoCorp,541838,464580.0,16.63,518090.0,4.58
2022-10-31,2022,10,Q4,2W,Hero MotoCorp,561338,533031.0,5.31,418465.0,34.14
2022-11-30,2022,11,Q4,2W,Hero MotoCorp,556672,577941.0,-3.68,370902.0,50.09
2022-12-31,2022,12,Q4,2W,Hero MotoCorp,440848,507628.0,-13.16,541838.0,-18.64
2023-01-31,2023,1,Q1,2W,Hero MotoCorp,607476,461025.0,31.77,561338.0,8.22
2023-02-28,2023,2,Q1,2W,Hero MotoCorp,470842,423435.0,11.2,556672.0,-15.42
2023-03-31,2023,3,Q1,2W,Hero MotoCorp,622164,536022.0,16.07,440848.0,41.13
2023-04-30,2023,4,Q2,2W,Hero MotoCorp,606528,556452.0,9.0,607476.0,-0.16
2023-05-31,2023,5,Q2,2W,Hero MotoCorp,581295,479330.0,21.27,470842.0,23.46
2023-06-30,2023,6,Q2,2W,Hero MotoCorp,568388,518090.0,9.71,622164.0,-8.64
2023-07-31,2023,7,Q3,2W,Hero MotoCorp,393267,418465.0,-6.02,606528.0,-35.16
2023-08-31,2023,8,Q3,2W,Hero MotoCorp,360375,370902.0,-2.84,581295.0,-38.0
2023-09-30,2023,9,Q3,2W,Hero MotoCorp,586011,541838.0,8.15,568388.0,3.1
2023-10-31,2023,10,Q4,2W,Hero MotoCorp,610131,561338.0,8.69,393267.0,55.14
2023-11-30,2023,11,Q4,2W,Hero MotoCorp,604752,556672.0,8.64,360375.0,67.81
2023-12-31,2023,12,Q4,2W,Hero MotoCorp,465729,440848.0,5.64,586011.0,-20.53
2024-01-31,2024,1,Q1,2W,Hero MotoCorp,632533,607476.0,4.12,610131.0,3.67
2024-02-29,2024,2,Q1,2W,Hero MotoCorp,570331,470842.0,21.13,604752.0,-5.69
2024-03-31,2024,3,Q1,2W,Hero MotoCorp,615102,622164.0,-1.14,465729.0,32.07
2024-04-30,2024,4,Q2,2W,Hero MotoCorp,697375,606528.0,14.98,632533.0,10.25
2024-05-31,2024,5,Q2,2W,Hero MotoCorp,582080,581295.0,0.14,570331.0,2.06
2024-06-30,2024,6,Q2,2W,Hero MotoCorp,572535,568388.0,0.73,615102.0,-6.92
2024-07-31,2024,7,Q3,2W,Hero MotoCorp,492737,393267.0,25.29,697375.0,-29.34
2024-08-31,2024,8,Q3,2W,Hero MotoCorp,513221,360375.0,42.41,582080.0,-11.83
2024-09-30,2024,9,Q3,2W,Hero MotoCorp,645312,586011.0,10.12,572535.0,12.71
2024-10-31,2024,10,Q4,2W,Hero MotoCorp,643760,610131.0,5.51,492737.0,30.65
2024-11-30,2024,11,Q4,2W,Hero MotoCorp,709843,604752.0,17.38,513221.0,38.31
2024-12-31,2024,12,Q4,2W,Hero MotoCorp,498231,465729.0,6.98,645312.0,-22.79
2020-01-31,2020,1,Q1,2W,Honda,324434,,,,
2020-02-29,2020,2,Q1,2W,Honda,318114,,,,
2020-03-31,2020,3,Q1,2W,Honda,220503,,,,
2020-04-30,2020,4,Q2,2W,Honda,189888,,,324434.0,-41.47
2020-05-31,2020,5,Q2,2W,Honda,196350,,,318114.0,-38.28
2020-06-30,2020,6,Q2,2W,Honda,172859,,,220503.0,-21.61
2020-07-31,2020,7,Q3,2W,Honda,154214,,,189888.0,-18.79
2020-08-31,2020,8,Q3,2W,Honda,139792,,,196350.0,-28.8
2020-09-30,2020,9,Q3,2W,Honda,197996,,,172859.0,14.54
2020-10-31,2020,10,Q4,2W,Honda,237021,,,154214.0,53.7
2020-11-30,2020,11,Q4,2W,Honda,267144,,,139792.0,91.1
2020-12-31,2020,12,Q4,2W,Honda,153563,,,197996.0,-22.44
2021-01-31,2021,1,Q1,2W,Honda,275722,324434.0,-15.01,237021.0,16.33
2021-02-28,2021,2,Q1,2W,Honda,269938,318114.0,-15.14,267144.0,1.05
2021-03-31,2021,3,Q1,2W,Honda,233185,220503.0,5.75,153563.0,51.85
2021-04-30,2021,4,Q2,2W,Honda,242126,189888.0,27.51,275722.0,-12.18
2021-05-31,2021,5,Q2,2W,Honda,265300,196350.0,35.12,269938.0,-1.72
2021-06-30,2021,6,Q2,2W,Honda,226728,172859.0,31.16,233185.0,-2.77
2021-07-31,2021,7,Q3,2W,Honda,293188,154214.0,90.12,242126.0,21.09
2021-08-31,2021,8,Q3,2W,Honda,242188,139792.0,73.25,265300.0,-8.71
2021-09-30,2021,9,Q3,2W,Honda,322833,197996.0,63.05,226728.0,42.39
2021-10-31,2021,10,Q4,2W,Honda,391748,237021.0,65.28,293188.0,33.62
2021-11-30,2021,11,Q4,2W,Honda,433125,267144.0,62.13,242188.0,78.84
2021-12-31,2021,12,Q4,2W,Honda,294714,153563.0,91.92,322833.0,-8.71
2022-01-31,2022,1,Q1,2W,Honda,303796,275722.0,10.18,391748.0,-22.45
2022-02-28,2022,2,Q1,2W,Honda,323760,269938.0,19.94,433125.0,-25.25
2022-03-31,2022,3,Q1,2W,Honda,367518,233185.0,57.61,294714.0,24.7
2022-04-30,2022,4,Q2,2W,Honda,429764,242126.0,77.5,303796.0,41.46
2022-05-31,2022,5,Q2,2W,Honda,384017,265300.0,44.75,323760.0,18.61
2022-06-30,2022,6,Q2,2W,Honda,396406,226728.0,74.84,367518.0,7.86
2022-07-31,2022,7,Q3,2W,Honda,306607,293188.0,4.58,429764.0,-28.66
2022-08-31,2022,8,Q3,2W,Honda,254062,242188.0,4.9,384017.0,-33.84
2022-09-30,2022,9,Q3,2W,Honda,375383,322833.0,16.28,396406.0,-5.3
2022-10-31,2022,10,Q4,2W,Honda,413333,391748.0,5.51,306607.0,34.81
2022-11-30,2022,11,Q4,2W,Honda,401739,433125.0,-7.25,254062.0,58.13
2022-12-31,2022,12,Q4,2W,Honda,367012,294714.0,24.53,375383.0,-2.23
2023-01-31,2023,1,Q1,2W,Honda,400639,303796.0,31.88,413333.0,-3.07
2023-02-28,2023,2,Q1,2W,Honda,328650,323760.0,1.51,401739.0,-18.19
2023-03-31,2023,3,Q1,2W,Honda,448886,367518.0,22.14,367012.0,22.31
2023-04-30,2023,4,Q2,2W,Honda,385470,429764.0,-10.31,400639.0,-3.79
2023-05-31,2023,5,Q2,2W,Honda,421184,384017.0,9.68,328650.0,28.16
2023-06-30,2023,6,Q2,2W,Honda,370501,396406.0,-6.53,448886.0,-17.46
2023-07-31,2023,7,Q3,2W,Honda,291416,306607.0,-4.95,385470.0,-24.4
2023-08-31,2023,8,Q3,2W,Honda,296832,254062.0,16.83,421184.0,-29.52
2023-09-30,2023,9,Q3,2W,Honda,351569,375383.0,-6.34,370501.0,-5.11
2023-10-31,2023,10,Q4,2W,Honda,557319,413333.0,34.84,291416.0,91.25
2023-11-30,2023,11,Q4,2W,Honda,484423,401739.0,20.58,296832.0,63.2
2023-12-31,2023,12,Q4,2W,Honda,372844,367012.0,1.59,351569.0,6.05
2024-01-31,2024,1,Q1,2W,Honda,397815,400639.0,-0.7,557319.0,-28.62
2024-02-29,2024,2,Q1,2W,Honda,418872,328650.0,27.45,484423.0,-13.53
2024-03-31,2024,3,Q1,2W,Honda,469224,448886.0,4.53,372844.0,25.85
2024-04-30,2024,4,Q2,2W,Honda,509053,385470.0,32.06,397815.0,27.96
2024-05-31,2024,5,Q2,2W,Honda,429882,421184.0,2.07,418872.0,2.63
2024-06-30,2024,6,Q2,2W,Honda,467263,370501.0,26.12,469224.0,-0.42
2024-07-31,2024,7,Q3,2W,Honda,327060,291416.0,12.23,509053.0,-35.75
2024-08-31,2024,8,Q3,2W,Honda,299380,296832.0,0.86,429882.0,-30.36
2024-09-30,2024,9,Q3,2W,Honda,426202,351569.0,21.23,467263.0,-8.79
2024-10-31,2024,10,Q4,2W,Honda,462652,557319.0,-16.99,327060.0,41.46
2024-11-30,2024,11,Q4,2W,Honda,550762,484423.0,13.69,299380.0,83.97
2024-12-31,2024,12,Q4,2W,Honda,355085,372844.0,-4.76,426202.0,-16.69
2020-01-31,2020,1,Q1,2W,Royal Enfield,55868,,,,
2020-02-29,2020,2,Q1,2W,Royal Enfield,68452,,,,
2020-03-31,2020,3,Q1,2W,Royal Enfield,37598,,,,
2020-04-30,2020,4,Q2,2W,Royal Enfield,33701,,,55868.0,-39.68
2020-05-31,2020,5,Q2,2W,Royal Enfield,40622,,,68452.0,-40.66
2020-06-30,2020,6,Q2,2W,Royal Enfield,36816,,,37598.0,-2.08
2020-07-31,2020,7,Q3,2W,Royal Enfield,30214,,,33701.0,-10.35
2020-08-31,2020,8,Q3,2W,Royal Enfield,27653,,,40622.0,-31.93
2020-09-30,2020,9,Q3,2W,Royal Enfield,40224,,,36816.0,9.26
2020-10-31,2020,10,Q4,2W,Royal Enfield,50454,,,30214.0,66.99
2020-11-30,2020,11,Q4,2W,Royal Enfield,49967,,,27653.0,80.69
2020-12-31,2020,12,Q4,2W,Royal Enfield,39622,,,40224.0,-1.5
2021-01-31,2021,1,Q1,2W,Royal Enfield,46916,55868.0,-16.02,50454.0,-7.01
2021-02-28,2021,2,Q1,2W,Royal Enfield,53720,68452.0,-21.52,49967.0,7.51
2021-03-31,2021,3,Q1,2W,Royal Enfield,47355,37598.0,25.95,39622.0,19.52
2021-04-30,2021,4,Q2,2W,Royal Enfield,55413,33701.0,64.43,46916.0,18.11
2021-05-31,2021,5,Q2,2W,Royal Enfield,50214,40622.0,23.61,53720.0,-6.53
2021-06-30,2021,6,Q2,2W,Royal Enfield,50657,36816.0,37.6,47355.0,6.97
2021-07-31,2021,7,Q3,2W,Royal Enfield,55734,30214.0,84.46,55413.0,0.58
2021-08-31,2021,8,Q3,2W,Royal Enfield,44574,27653.0,61.19,50214.0,-11.23
2021-09-30,2021,9,Q3,2W,Royal Enfield,58424,40224.0,45.25,50657.0,15.33
2021-10-31,2021,10,Q4,2W,Royal Enfield,83777,50454.0,66.05,55734.0,50.32
2021-11-30,2021,11,Q4,2W,Royal Enfield,90456,49967.0,81.03,44574.0,102.93
2021-12-31,2021,12,Q4,2W,Royal Enfield,56843,39622.0,43.46,58424.0,-2.71
2022-01-31,2022,1,Q1,2W,Royal Enfield,75284,46916.0,60.47,83777.0,-10.14
2022-02-28,2022,2,Q1,2W,Royal Enfield,63500,53720.0,18.21,90456.0,-29.8
2022-03-31,2022,3,Q1,2W,Royal Enfield,73501,47355.0,55.21,56843.0,29.31
2022-04-30,2022,4,Q2,2W,Royal Enfield,69145,55413.0,24.78,75284.0,-8.15
2022-05-31,2022,5,Q2,2W,Royal Enfield,61328,50214.0,22.13,63500.0,-3.42
2022-06-30,2022,6,Q2,2W,Royal Enfield,80079,50657.0,58.08,73501.0,8.95
2022-07-31,2022,7,Q3,2W,Royal Enfield,59990,55734.0,7.64,69145.0,-13.24
2022-08-31,2022,8,Q3,2W,Royal Enfield,50329,44574.0,12.91,61328.0,-17.93
2022-09-30,2022,9,Q3,2W,Royal Enfield,59791,58424.0,2.34,80079.0,-25.33
2022-10-31,2022,10,Q4,2W,Royal Enfield,91089,83777.0,8.73,59990.0,51.84
2022-11-30,2022,11,Q4,2W,Royal Enfield,79247,90456.0,-12.39,50329.0,57.46
2022-12-31,2022,12,Q4,2W,Royal Enfield,73960,56843.0,30.11,59791.0,23.7
2023-01-31,2023,1,Q1,2W,Royal Enfield,85862,75284.0,14.05,91089.0,-5.74
2023-02-28,2023,2,Q1,2W,Royal Enfield,66436,63500.0,4.62,79247.0,-16.17
2023-03-31,2023,3,Q1,2W,Royal Enfield,85726,73501.0,16.63,73960.0,15.91
2023-04-30,2023,4,Q2,2W,Royal Enfield,86698,69145.0,25.39,85862.0,0.97
2023-05-31,2023,5,Q2,2W,Royal Enfield,69837,61328.0,13.87,66436.0,5.12
2023-06-30,2023,6,Q2,2W,Royal Enfield,68023,80079.0,-15.06,85726.0,-20.65
2023-07-31,2023,7,Q3,2W,Royal Enfield,54151,59990.0,-9.73,86698.0,-37.54
2023-08-31,2023,8,Q3,2W,Royal Enfield,53757,50329.0,6.81,69837.0,-23.03
2023-09-30,2023,9,Q3,2W,Royal Enfield,80592,59791.0,34.79,68023.0,18.48
2023-10-31,2023,10,Q4,2W,Royal Enfield,101144,91089.0,11.04,54151.0,86.78
2023-11-30,2023,11,Q4,2W,Royal Enfield,91687,79247.0,15.7,53757.0,70.56
2023-12-31,2023,12,Q4,2W,Royal Enfield,81870,73960.0,10.69,80592.0,1.59
2024-01-31,2024,1,Q1,2W,Royal Enfield,91511,85862.0,6.58,101144.0,-9.52
2024-02-29,2024,2,Q1,2W,Royal Enfield,74400,66436.0,11.99,91687.0,-18.85
2024-03-31,2024,3,Q1,2W,Royal Enfield,85132,85726.0,-0.69,81870.0,3.98
2024-04-30,2024,4,Q2,2W,Royal Enfield,81402,86698.0,-6.11,91511.0,-11.05
2024-05-31,2024,5,Q2,2W,Royal Enfield,76084,69837.0,8.95,74400.0,2.26
2024-06-30,2024,6,Q2,2W,Royal Enfield,75489,68023.0,10.98,85132.0,-11.33
2024-07-31,2024,7,Q3,2W,Royal Enfield,72338,54151.0,33.59,81402.0,-11.13
2024-08-31,2024,8,Q3,2W,Royal Enfield,72155,53757.0,34.22,76084.0,-5.16
2024-09-30,2024,9,Q3,2W,Royal Enfield,76927,80592.0,-4.55,75489.0,1.9
2024-10-31,2024,10,Q4,2W,Royal Enfield,105061,101144.0,3.87,72338.0,45.24
2024-11-30,2024,11,Q4,2W,Royal Enfield,111670,91687.0,21.79,72155.0,54.76
2024-12-31,2024,12,Q4,2W,Royal Enfield,90448,81870.0,10.48,76927.0,17.58
2020-01-31,2020,1,Q1,2W,TVS,204488,,,,
2020-02-29,2020,2,Q1,2W,TVS,167325,,,,
2020-03-31,2020,3,Q1,2W,TVS,117086,,,,
2020-04-30,2020,4,Q2,2W,TVS,134867,,,204488.0,-34.05
2020-05-31,2020,5,Q2,2W,TVS,123498,,,167325.0,-26.19
2020-06-30,2020,6,Q2,2W,TVS,92081,,,117086.0,-21.36
2020-07-31,2020,7,Q3,2W,TVS,80265,,,134867.0,-40.49
2020-08-31,2020,8,Q3,2W,TVS,73931,,,123498.0,-40.14
2020-09-30,2020,9,Q3,2W,TVS,120880,,,92081.0,31.28
2020-10-31,2020,10,Q4,2W,TVS,149182,,,80265.0,85.86
2020-11-30,2020,11,Q4,2W,TVS,130233,,,73931.0,76.15
2020-12-31,2020,12,Q4,2W,TVS,98325,,,120880.0,-18.66
2021-01-31,2021,1,Q1,2W,TVS,134862,204488.0,-34.05,149182.0,-9.6
2021-02-28,2021,2,Q1,2W,TVS,132089,167325.0,-21.06,130233.0,1.43
2021-03-31,2021,3,Q1,2W,TVS,153341,117086.0,30.96,98325.0,55.95
2021-04-30,2021,4,Q2,2W,TVS,148698,134867.0,10.26,134862.0,10.26
2021-05-31,2021,5,Q2,2W,TVS,161805,123498.0,31.02,132089.0,22.5
2021-06-30,2021,6,Q2,2W,TVS,128945,92081.0,40.03,153341.0,-15.91
2021-07-31,2021,7,Q3,2W,TVS,174381,80265.0,117.26,148698.0,17.27
2021-08-31,2021,8,Q3,2W,TVS,138423,73931.0,87.23,161805.0,-14.45
2021-09-30,2021,9,Q3,2W,TVS,197622,120880.0,63.49,128945.0,53.26
2021-10-31,2021,10,Q4,2W,TVS,237243,149182.0,59.03,174381.0,36.05
2021-11-30,2021,11,Q4,2W,TVS,272623,130233.0,109.33,138423.0,96.95
2021-12-31,2021,12,Q4,2W,TVS,191720,98325.0,94.99,197622.0,-2.99
2022-01-31,2022,1,Q1,2W,TVS,226788,134862.0,68.16,237243.0,-4.41
2022-02-28,2022,2,Q1,2W,TVS,229545,132089.0,73.78,272623.0,-15.8
2022-03-31,2022,3,Q1,2W,TVS,253980,153341.0,65.63,191720.0,32.47
2022-04-30,2022,4,Q2,2W,TVS,244241,148698.0,64.25,226788.0,7.7
2022-05-31,2022,5,Q2,2W,TVS,212166,161805.0,31.12,229545.0,-7.57
2022-06-30,2022,6,Q2,2W,TVS,210489,128945.0,63.24,253980.0,-17.12
2022-07-31,2022,7,Q3,2W,TVS,176943,174381.0,1.47,244241.0,-27.55
2022-08-31,2022,8,Q3,2W,TVS,185167,138423.0,33.77,212166.0,-12.73
2022-09-30,2022,9,Q3,2W,TVS,188566,197622.0,-4.58,210489.0,-10.42
2022-10-31,2022,10,Q4,2W,TVS,245242,237243.0,3.37,176943.0,38.6
2022-11-30,2022,11,Q4,2W,TVS,267077,272623.0,-2.03,185167.0,44.24
2022-12-31,2022,12,Q4,2W,TVS,180367,191720.0,-5.92,188566.0,-4.35
2023-01-31,2023,1,Q1,2W,TVS,234430,226788.0,3.37,245242.0,-4.41
2023-02-28,2023,2,Q1,2W,TVS,208498,229545.0,-9.17,267077.0,-21.93
2023-03-31,2023,3,Q1,2W,TVS,267840,253980.0,5.46,180367.0,48.5
2023-04-30,2023,4,Q2,2W,TVS,280183,244241.0,14.72,234430.0,19.52
2023-05-31,2023,5,Q2,2W,TVS,209508,212166.0,-1.25,208498.0,0.48
2023-06-30,2023,6,Q2,2W,TVS,235044,210489.0,11.67,267840.0,-12.24
2023-07-31,2023,7,Q3,2W,TVS,205306,176943.0,16.03,280183.0,-26.72
2023-08-31,2023,8,Q3,2W,TVS,169314,185167.0,-8.56,209508.0,-19.18
2023-09-30,2023,9,Q3,2W,TVS,251695,188566.0,33.48,235044.0,7.08
2023-10-31,2023,10,Q4,2W,TVS,324926,245242.0,32.49,205306.0,58.26
2023-11-30,2023,11,Q4,2W,TVS,258578,267077.0,-3.18,169314.0,52.72
2023-12-31,2023,12,Q4,2W,TVS,215501,180367.0,19.48,251695.0,-14.38
2024-01-31,2024,1,Q1,2W,TVS,240124,234430.0,2.43,324926.0,-26.1
2024-02-29,2024,2,Q1,2W,TVS,267645,208498.0,28.37,258578.0,3.51
2024-03-31,2024,3,Q1,2W,TVS,297197,267840.0,10.96,215501.0,37.91
2024-04-30,2024,4,Q2,2W,TVS,268586,280183.0,-4.14,240124.0,11.85
2024-05-31,2024,5,Q2,2W,TVS,254484,209508.0,21.47,267645.0,-4.92
2024-06-30,2024,6,Q2,2W,TVS,257602,235044.0,9.6,297197.0,-13.32
2024-07-31,2024,7,Q3,2W,TVS,184860,205306.0,-9.96,268586.0,-31.17
2024-08-31,2024,8,Q3,2W,TVS,169072,169314.0,-0.14,254484.0,-33.56
2024-09-30,2024,9,Q3,2W,TVS,214300,251695.0,-14.86,257602.0,-16.81
2024-10-31,2024,10,Q4,2W,TVS,290430,324926.0,-10.62,184860.0,57.11
2024-11-30,2024,11,Q4,2W,TVS,295286,258578.0,14.2,169072.0,74.65
2024-12-31,2024,12,Q4,2W,TVS,260564,215501.0,20.91,214300.0,21.59
2020-01-31,2020,1,Q1,2W,Yamaha,87859,,,,
2020-02-29,2020,2,Q1,2W,Yamaha,102988,,,,
2020-03-31,2020,3,Q1,2W,Yamaha,63636,,,,
2020-04-30,2020,4,Q2,2W,Yamaha,68002,,,87859.0,-22.6
2020-05-31,2020,5,Q2,2W,Yamaha,61805,,,102988.0,-39.99
2020-06-30,2020,6,Q2,2W,Yamaha,58428,,,63636.0,-8.18
2020-07-31,2020,7,Q3,2W,Yamaha,42716,,,68002.0,-37.18
2020-08-31,2020,8,Q3,2W,Yamaha,50116,,,61805.0,-18.91
2020-09-30,2020,9,Q3,2W,Yamaha,54501,,,58428.0,-6.72
2020-10-31,2020,10,Q4,2W,Yamaha,64490,,,42716.0,50.97
2020-11-30,2020,11,Q4,2W,Yamaha,73307,,,50116.0,46.27
2020-12-31,2020,12,Q4,2W,Yamaha,59695,,,54501.0,9.53
2021-01-31,2021,1,Q1,2W,Yamaha,87876,87859.0,0.02,64490.0,36.26
2021-02-28,2021,2,Q1,2W,Yamaha,85737,102988.0,-16.75,73307.0,16.96
2021-03-31,2021,3,Q1,2W,Yamaha,98207,63636.0,54.33,59695.0,64.51
2021-04-30,2021,4,Q2,2W,Yamaha,78365,68002.0,15.24,87876.0,-10.82
2021-05-31,2021,5,Q2,2W,Yamaha,70254,61805.0,13.67,85737.0,-18.06
2021-06-30,2021,6,Q2,2W,Yamaha,86759,58428.0,48.49,98207.0,-11.66
2021-07-31,2021,7,Q3,2W,Yamaha,80812,42716.0,89.18,78365.0,3.12
2021-08-31,2021,8,Q3,2W,Yamaha,94387,50116.0,88.34,70254.0,34.35
2021-09-30,2021,9,Q3,2W,Yamaha,98738,54501.0,81.17,86759.0,13.81
2021-10-31,2021,10,Q4,2W,Yamaha,150360,64490.0,133.15,80812.0,86.06
2021-11-30,2021,11,Q4,2W,Yamaha,146625,73307.0,100.02,94387.0,55.34
2021-12-31,2021,12,Q4,2W,Yamaha,98357,59695.0,64.77,98738.0,-0.39
2022-01-31,2022,1,Q1,2W,Yamaha,116636,87876.0,32.73,150360.0,-22.43
2022-02-28,2022,2,Q1,2W,Yamaha,126995,85737.0,48.12,146625.0,-13.39
2022-03-31,2022,3,Q1,2W,Yamaha,130851,98207.0,33.24,98357.0,33.04
2022-04-30,2022,4,Q2,2W,Yamaha,134006,78365.0,71.0,116636.0,14.89
2022-05-31,2022,5,Q2,2W,Yamaha,114170,70254.0,62.51,126995.0,-10.1
2022-06-30,2022,6,Q2,2W,Yamaha,104895,86759.0,20.9,130851.0,-19.84
2022-07-31,2022,7,Q3,2W,Yamaha,77673,80812.0,-3.88,134006.0,-42.04
2022-08-31,2022,8,Q3,2W,Yamaha,85148,94387.0,-9.79,114170.0,-25.42
2022-09-30,2022,9,Q3,2W,Yamaha,120250,98738.0,21.79,104895.0,14.64
2022-10-31,2022,10,Q4,2W,Yamaha,164677,150360.0,9.52,77673.0,112.01
2022-11-30,2022,11,Q4,2W,Yamaha,125527,146625.0,-14.39,85148.0,47.42
2022-12-31,2022,12,Q4,2W,Yamaha,113738,98357.0,15.64,120250.0,-5.42
2023-01-31,2023,1,Q1,2W,Yamaha,111261,116636.0,-4.61,164677.0,-32.44
2023-02-28,2023,2,Q1,2W,Yamaha,112741,126995.0,-11.22,125527.0,-10.19
2023-03-31,2023,3,Q1,2W,Yamaha,147843,130851.0,12.99,113738.0,29.99
2023-04-30,2023,4,Q2,2W,Yamaha,146121,134006.0,9.04,111261.0,31.33
2023-05-31,2023,5,Q2,2W,Yamaha,117893,114170.0,3.26,112741.0,4.57
2023-06-30,2023,6,Q2,2W,Yamaha,126229,104895.0,20.34,147843.0,-14.62
2023-07-31,2023,7,Q3,2W,Yamaha,91673,77673.0,18.02,146121.0,-37.26
2023-08-31,2023,8,Q3,2W,Yamaha,92831,85148.0,9.02,117893.0,-21.26
2023-09-30,2023,9,Q3,2W,Yamaha,119983,120250.0,-0.22,126229.0,-4.95
2023-10-31,2023,10,Q4,2W,Yamaha,160260,164677.0,-2.68,91673.0,74.82
2023-11-30,2023,11,Q4,2W,Yamaha,148911,125527.0,18.63,92831.0,60.41
2023-12-31,2023,12,Q4,2W,Yamaha,123698,113738.0,8.76,119983.0,3.1
2024-01-31,2024,1,Q1,2W,Yamaha,142273,111261.0,27.87,160260.0,-11.22
2024-02-29,2024,2,Q1,2W,Yamaha,135281,112741.0,19.99,148911.0,-9.15
2024-03-31,2024,3,Q1,2W,Yamaha,159065,147843.0,7.59,123698.0,28.59
2024-04-30,2024,4,Q2,2W,Yamaha,124312,146121.0,-14.93,142273.0,-12.62
2024-05-31,2024,5,Q2,2W,Yamaha,116014,117893.0,-1.59,135281.0,-14.24
2024-06-30,2024,6,Q2,2W,Yamaha,124604,126229.0,-1.29,159065.0,-21.66
2024-07-31,2024,7,Q3,2W,Yamaha,103907,91673.0,13.35,124312.0,-16.41
2024-08-31,2024,8,Q3,2W,Yamaha,102197,92831.0,10.09,116014.0,-11.91
2024-09-30,2024,9,Q3,2W,Yamaha,114473,119983.0,-4.59,124604.0,-8.13
2024-10-31,2024,10,Q4,2W,Yamaha,147291,160260.0,-8.09,103907.0,41.75
2024-11-30,2024,11,Q4,2W,Yamaha,160978,148911.0,8.1,102197.0,57.52
2024-12-31,2024,12,Q4,2W,Yamaha,120371,123698.0,-2.69,114473.0,5.15
2020-01-31,2020,1,Q1,3W,Atul Auto,1215,,,,
2020-02-29,2020,2,Q1,3W,Atul Auto,1127,,,,
2020-03-31,2020,3,Q1,3W,Atul Auto,928,,,,
2020-04-30,2020,4,Q2,3W,Atul Auto,857,,,1215.0,-29.47
2020-05-31,2020,5,Q2,3W,Atul Auto,649,,,1127.0,-42.41
2020-06-30,2020,6,Q2,3W,Atul Auto,671,,,928.0,-27.69
2020-07-31,2020,7,Q3,3W,Atul Auto,552,,,857.0,-35.59
2020-08-31,2020,8,Q3,3W,Atul Auto,681,,,649.0,4.93
2020-09-30,2020,9,Q3,3W,Atul Auto,733,,,671.0,9.24
2020-10-31,2020,10,Q4,3W,Atul Auto,864,,,552.0,56.52
2020-11-30,2020,11,Q4,3W,Atul Auto,888,,,681.0,30.4
2020-12-31,2020,12,Q4,3W,Atul Auto,666,,,733.0,-9.14
2021-01-31,2021,1,Q1,3W,Atul Auto,940,1215.0,-22.63,864.0,8.8
2021-02-28,2021,2,Q1,3W,Atul Auto,1076,1127.0,-4.53,888.0,21.17
2021-03-31,2021,3,Q1,3W,Atul Auto,1133,928.0,22.09,666.0,70.12
2021-04-30,2021,4,Q2,3W,Atul Auto,1272,857.0,48.42,940.0,35.32
2021-05-31,2021,5,Q2,3W,Atul Auto,1161,649.0,78.89,1076.0,7.9
2021-06-30,2021,6,Q2,3W,Atul Auto,996,671.0,48.44,1133.0,-12.09
2021-07-31,2021,7,Q3,3W,Atul Auto,1008,552.0,82.61,1272.0,-20.75
2021-08-31,2021,8,Q3,3W,Atul Auto,997,681.0,46.4,1161.0,-14.13
2021-09-30,2021,9,Q3,3W,Atul Auto,1259,733.0,71.76,996.0,26.41
2021-10-31,2021,10,Q4,3W,Atul Auto,1499,864.0,73.5,1008.0,48.71
2021-11-30,2021,11,Q4,3W,Atul Auto,1817,888.0,104.62,997.0,82.25
2021-12-31,2021,12,Q4,3W,Atul Auto,1429,666.0,114.56,1259.0,13.5
2022-01-31,2022,1,Q1,3W,Atul Auto,1272,940.0,35.32,1499.0,-15.14
2022-02-28,2022,2,Q1,3W,Atul Auto,1631,1076.0,51.58,1817.0,-10.24
2022-03-31,2022,3,Q1,3W,Atul Auto,1545,1133.0,36.36,1429.0,8.12
2022-04-30,2022,4,Q2,3W,Atul Auto,1429,1272.0,12.34,1272.0,12.34
2022-05-31,2022,5,Q2,3W,Atul Auto,1622,1161.0,39.71,1631.0,-0.55
2022-06-30,2022,6,Q2,3W,Atul Auto,1674,996.0,68.07,1545.0,8.35
2022-07-31,2022,7,Q3,3W,Atul Auto,1236,1008.0,22.62,1429.0,-13.51
2022-08-31,2022,8,Q3,3W,Atul Auto,1208,997.0,21.16,1622.0,-25.52
2022-09-30,2022,9,Q3,3W,Atul Auto,1258,1259.0,-0.08,1674.0,-24.85
2022-10-31,2022,10,Q4,3W,Atul Auto,1627,1499.0,8.54,1236.0,31.63
2022-11-30,2022,11,Q4,3W,Atul Auto,1630,1817.0,-10.29,1208.0,34.93
2022-12-31,2022,12,Q4,3W,Atul Auto,1277,1429.0,-10.64,1258.0,1.51
2023-01-31,2023,1,Q1,3W,Atul Auto,1517,1272.0,19.26,1627.0,-6.76
2023-02-28,2023,2,Q1,3W,Atul Auto,1627,1631.0,-0.25,1630.0,-0.18
2023-03-31,2023,3,Q1,3W,Atul Auto,1968,1545.0,27.38,1277.0,54.11
2023-04-30,2023,4,Q2,3W,Atul Auto,1557,1429.0,8.96,1517.0,2.64
2023-05-31,2023,5,Q2,3W,Atul Auto,1425,1622.0,-12.15,1627.0,-12.42
2023-06-30,2023,6,Q2,3W,Atul Auto,1617,1674.0,-3.41,1968.0,-17.84
2023-07-31,2023,7,Q3,3W,Atul Auto,1397,1236.0,13.03,1557.0,-10.28
2023-08-31,2023,8,Q3,3W,Atul Auto,1213,1208.0,0.41,1425.0,-14.88
2023-09-30,2023,9,Q3,3W,Atul Auto,1351,1258.0,7.39,1617.0,-16.45
2023-10-31,2023,10,Q4,3W,Atul Auto,2310,1627.0,41.98,1397.0,65.35
2023-11-30,2023,11,Q4,3W,Atul Auto,2173,1630.0,33.31,1213.0,79.14
2023-12-31,2023,12,Q4,3W,Atul Auto,1650,1277.0,29.21,1351.0,22.13
2024-01-31,2024,1,Q1,3W,Atul Auto,1726,1517.0,13.78,2310.0,-25.28
2024-02-29,2024,2,Q1,3W,Atul Auto,1899,1627.0,16.72,2173.0,-12.61
2024-03-31,2024,3,Q1,3W,Atul Auto,1595,1968.0,-18.95,1650.0,-3.33
2024-04-30,2024,4,Q2,3W,Atul Auto,1752,1557.0,12.52,1726.0,1.51
2024-05-31,2024,5,Q2,3W,Atul Auto,1815,1425.0,27.37,1899.0,-4.42
2024-06-30,2024,6,Q2,3W,Atul Auto,1837,1617.0,13.61,1595.0,15.17
2024-07-31,2024,7,Q3,3W,Atul Auto,1276,1397.0,-8.66,1752.0,-27.17
2024-08-31,2024,8,Q3,3W,Atul Auto,1452,1213.0,19.7,1815.0,-20.0
2024-09-30,2024,9,Q3,3W,Atul Auto,1884,1351.0,39.45,1837.0,2.56
2024-10-31,2024,10,Q4,3W,Atul Auto,2518,2310.0,9.0,1276.0,97.34
2024-11-30,2024,11,Q4,3W,Atul Auto,1952,2173.0,-10.17,1452.0,34.44
2024-12-31,2024,12,Q4,3W,Atul Auto,1872,1650.0,13.45,1884.0,-0.64
2020-01-31,2020,1,Q1,3W,Bajaj,11395,,,,
2020-02-29,2020,2,Q1,3W,Bajaj,11781,,,,
2020-03-31,2020,3,Q1,3W,Bajaj,8242,,,,
2020-04-30,2020,4,Q2,3W,Bajaj,7870,,,11395.0,-30.93
2020-05-31,2020,5,Q2,3W,Bajaj,6833,,,11781.0,-42.0
2020-06-30,2020,6,Q2,3W,Bajaj,6828,,,8242.0,-17.16
2020-07-31,2020,7,Q3,3W,Bajaj,5133,,,7870.0,-34.78
2020-08-31,2020,8,Q3,3W,Bajaj,4944,,,6833.0,-27.65
2020-09-30,2020,9,Q3,3W,Bajaj,6678,,,6828.0,-2.2
2020-10-31,2020,10,Q4,3W,Bajaj,8848,,,5133.0,72.37
2020-11-30,2020,11,Q4,3W,Bajaj,8833,,,4944.0,78.66
2020-12-31,2020,12,Q4,3W,Bajaj,7547,,,6678.0,13.01
2021-01-31,2021,1,Q1,3W,Bajaj,8775,11395.0,-22.99,8848.0,-0.83
2021-02-28,2021,2,Q1,3W,Bajaj,9436,11781.0,-19.9,8833.0,6.83
2021-03-31,2021,3,Q1,3W,Bajaj,10020,8242.0,21.57,7547.0,32.77
2021-04-30,2021,4,Q2,3W,Bajaj,10584,7870.0,34.49,8775.0,20.62
2021-05-31,2021,5,Q2,3W,Bajaj,8480,6833.0,24.1,9436.0,-10.13
2021-06-30,2021,6,Q2,3W,Bajaj,9069,6828.0,32.82,10020.0,-9.49
2021-07-31,2021,7,Q3,3W,Bajaj,11128,5133.0,116.79,10584.0,5.14
2021-08-31,2021,8,Q3,3W,Bajaj,8330,4944.0,68.49,8480.0,-1.77
2021-09-30,2021,9,Q3,3W,Bajaj,12690,6678.0,90.03,9069.0,39.93
2021-10-31,2021,10,Q4,3W,Bajaj,17709,8848.0,100.15,11128.0,59.14
2021-11-30,2021,11,Q4,3W,Bajaj,15765,8833.0,78.48,8330.0,89.26
2021-12-31,2021,12,Q4,3W,Bajaj,13096,7547.0,73.53,12690.0,3.2
2022-01-31,2022,1,Q1,3W,Bajaj,14299,8775.0,62.95,17709.0,-19.26
2022-02-28,2022,2,Q1,3W,Bajaj,12843,9436.0,36.11,15765.0,-18.53
2022-03-31,2022,3,Q1,3W,Bajaj,13185,10020.0,31.59,13096.0,0.68
2022-04-30,2022,4,Q2,3W,Bajaj,12429,10584.0,17.43,14299.0,-13.08
2022-05-31,2022,5,Q2,3W,Bajaj,13653,8480.0,61.0,12843.0,6.31
2022-06-30,2022,6,Q2,3W,Bajaj,12143,9069.0,33.9,13185.0,-7.9
2022-07-31,2022,7,Q3,3W,Bajaj,9996,11128.0,-10.17,12429.0,-19.58
2022-08-31,2022,8,Q3,3W,Bajaj,10158,8330.0,21.94,13653.0,-25.6
2022-09-30,2022,9,Q3,3W,Bajaj,14971,12690.0,17.97,12143.0,23.29
2022-10-31,2022,10,Q4,3W,Bajaj,16776,17709.0,-5.27,9996.0,67.83
2022-11-30,2022,11,Q4,3W,Bajaj,16508,15765.0,4.71,10158.0,62.51
2022-12-31,2022,12,Q4,3W,Bajaj,11467,13096.0,-12.44,14971.0,-23.41
2023-01-31,2023,1,Q1,3W,Bajaj,12745,14299.0,-10.87,16776.0,-24.03
2023-02-28,2023,2,Q1,3W,Bajaj,12311,12843.0,-4.14,16508.0,-25.42
2023-03-31,2023,3,Q1,3W,Bajaj,17077,13185.0,29.52,11467.0,48.92
2023-04-30,2023,4,Q2,3W,Bajaj,15685,12429.0,26.2,12745.0,23.07
2023-05-31,2023,5,Q2,3W,Bajaj,12121,13653.0,-11.22,12311.0,-1.54
2023-06-30,2023,6,Q2,3W,Bajaj,14199,12143.0,16.93,17077.0,-16.85
2023-07-31,2023,7,Q3,3W,Bajaj,11917,9996.0,19.22,15685.0,-24.02
2023-08-31,2023,8,Q3,3W,Bajaj,9922,10158.0,-2.32,12121.0,-18.14
2023-09-30,2023,9,Q3,3W,Bajaj,13107,14971.0,-12.45,14199.0,-7.69
2023-10-31,2023,10,Q4,3W,Bajaj,17430,16776.0,3.9,11917.0,46.26
2023-11-30,2023,11,Q4,3W,Bajaj,19183,16508.0,16.2,9922.0,93.34
2023-12-31,2023,12,Q4,3W,Bajaj,14512,11467.0,26.55,13107.0,10.72
2024-01-31,2024,1,Q1,3W,Bajaj,13308,12745.0,4.42,17430.0,-23.65
2024-02-29,2024,2,Q1,3W,Bajaj,13695,12311.0,11.24,19183.0,-28.61
2024-03-31,2024,3,Q1,3W,Bajaj,19360,17077.0,13.37,14512.0,33.41
2024-04-30,2024,4,Q2,3W,Bajaj,18038,15685.0,15.0,13308.0,35.54
2024-05-31,2024,5,Q2,3W,Bajaj,13635,12121.0,12.49,13695.0,-0.44
2024-06-30,2024,6,Q2,3W,Bajaj,16056,14199.0,13.08,19360.0,-17.07
2024-07-31,2024,7,Q3,3W,Bajaj,11973,11917.0,0.47,18038.0,-33.62
2024-08-31,2024,8,Q3,3W,Bajaj,10575,9922.0,6.58,13635.0,-22.44
2024-09-30,2024,9,Q3,3W,Bajaj,15450,13107.0,17.88,16056.0,-3.77
2024-10-31,2024,10,Q4,3W,Bajaj,17435,17430.0,0.03,11973.0,45.62
2024-11-30,2024,11,Q4,3W,Bajaj,17776,19183.0,-7.33,10575.0,68.09
2024-12-31,2024,12,Q4,3W,Bajaj,16860,14512.0,16.18,15450.0,9.13
2020-01-31,2020,1,Q1,3W,Mahindra,6521,,,,
2020-02-29,2020,2,Q1,3W,Mahindra,6808,,,,
2020-03-31,2020,3,Q1,3W,Mahindra,4461,,,,
2020-04-30,2020,4,Q2,3W,Mahindra,3571,,,6521.0,-45.24
2020-05-31,2020,5,Q2,3W,Mahindra,4240,,,6808.0,-37.72
2020-06-30,2020,6,Q2,3W,Mahindra,3368,,,4461.0,-24.5
2020-07-31,2020,7,Q3,3W,Mahindra,3135,,,3571.0,-12.21
2020-08-31,2020,8,Q3,3W,Mahindra,3049,,,4240.0,-28.09
2020-09-30,2020,9,Q3,3W,Mahindra,3391,,,3368.0,0.68
2020-10-31,2020,10,Q4,3W,Mahindra,4900,,,3135.0,56.3
2020-11-30,2020,11,Q4,3W,Mahindra,4771,,,3049.0,56.48
2020-12-31,2020,12,Q4,3W,Mahindra,3333,,,3391.0,-1.71
2021-01-31,2021,1,Q1,3W,Mahindra,5788,6521.0,-11.24,4900.0,18.12
2021-02-28,2021,2,Q1,3W,Mahindra,5293,6808.0,-22.25,4771.0,10.94
2021-03-31,2021,3,Q1,3W,Mahindra,5442,4461.0,21.99,3333.0,63.28
2021-04-30,2021,4,Q2,3W,Mahindra,5982,3571.0,67.52,5788.0,3.35
2021-05-31,2021,5,Q2,3W,Mahindra,5650,4240.0,33.25,5293.0,6.74
2021-06-30,2021,6,Q2,3W,Mahindra,4547,3368.0,35.01,5442.0,-16.45
2021-07-31,2021,7,Q3,3W,Mahindra,4661,3135.0,48.68,5982.0,-22.08
2021-08-31,2021,8,Q3,3W,Mahindra,5500,3049.0,80.39,5650.0,-2.65
2021-09-30,2021,9,Q3,3W,Mahindra,7098,3391.0,109.32,4547.0,56.1
2021-10-31,2021,10,Q4,3W,Mahindra,7879,4900.0,60.8,4661.0,69.04
2021-11-30,2021,11,Q4,3W,Mahindra,8243,4771.0,72.77,5500.0,49.87
2021-12-31,2021,12,Q4,3W,Mahindra,5772,3333.0,73.18,7098.0,-18.68
2022-01-31,2022,1,Q1,3W,Mahindra,6213,5788.0,7.34,7879.0,-21.14
2022-02-28,2022,2,Q1,3W,Mahindra,6328,5293.0,19.55,8243.0,-23.23
2022-03-31,2022,3,Q1,3W,Mahindra,7532,5442.0,38.4,5772.0,30.49
2022-04-30,2022,4,Q2,3W,Mahindra,9196,5982.0,53.73,6213.0,48.01
2022-05-31,2022,5,Q2,3W,Mahindra,7694,5650.0,36.18,6328.0,21.59
2022-06-30,2022,6,Q2,3W,Mahindra,6751,4547.0,48.47,7532.0,-10.37
2022-07-31,2022,7,Q3,3W,Mahindra,5673,4661.0,21.71,9196.0,-38.31
2022-08-31,2022,8,Q3,3W,Mahindra,6122,5500.0,11.31,7694.0,-20.43
2022-09-30,2022,9,Q3,3W,Mahindra,7375,7098.0,3.9,6751.0,9.24
2022-10-31,2022,10,Q4,3W,Mahindra,10042,7879.0,27.45,5673.0,77.01
2022-11-30,2022,11,Q4,3W,Mahindra,8901,8243.0,7.98,6122.0,45.39
2022-12-31,2022,12,Q4,3W,Mahindra,6534,5772.0,13.2,7375.0,-11.4
2023-01-31,2023,1,Q1,3W,Mahindra,8843,6213.0,42.33,10042.0,-11.94
2023-02-28,2023,2,Q1,3W,Mahindra,7707,6328.0,21.79,8901.0,-13.41
2023-03-31,2023,3,Q1,3W,Mahindra,9434,7532.0,25.25,6534.0,44.38
2023-04-30,2023,4,Q2,3W,Mahindra,8043,9196.0,-12.54,8843.0,-9.05
2023-05-31,2023,5,Q2,3W,Mahindra,8394,7694.0,9.1,7707.0,8.91
2023-06-30,2023,6,Q2,3W,Mahindra,8318,6751.0,23.21,9434.0,-11.83
2023-07-31,2023,7,Q3,3W,Mahindra,5633,5673.0,-0.71,8043.0,-29.96
2023-08-31,2023,8,Q3,3W,Mahindra,6025,6122.0,-1.58,8394.0,-28.22
2023-09-30,2023,9,Q3,3W,Mahindra,8975,7375.0,21.69,8318.0,7.9
2023-10-31,2023,10,Q4,3W,Mahindra,9432,10042.0,-6.07,5633.0,67.44
2023-11-30,2023,11,Q4,3W,Mahindra,10050,8901.0,12.91,6025.0,66.8
2023-12-31,2023,12,Q4,3W,Mahindra,6791,6534.0,3.93,8975.0,-24.33
2024-01-31,2024,1,Q1,3W,Mahindra,9387,8843.0,6.15,9432.0,-0.48
2024-02-29,2024,2,Q1,3W,Mahindra,8788,7707.0,14.03,10050.0,-12.56
2024-03-31,2024,3,Q1,3W,Mahindra,10318,9434.0,9.37,6791.0,51.94
2024-04-30,2024,4,Q2,3W,Mahindra,9891,8043.0,22.98,9387.0,5.37
2024-05-31,2024,5,Q2,3W,Mahindra,7794,8394.0,-7.15,8788.0,-11.31
2024-06-30,2024,6,Q2,3W,Mahindra,7890,8318.0,-5.15,10318.0,-23.53
2024-07-31,2024,7,Q3,3W,Mahindra,6418,5633.0,13.94,9891.0,-35.11
2024-08-31,2024,8,Q3,3W,Mahindra,7458,6025.0,23.78,7794.0,-4.31
2024-09-30,2024,9,Q3,3W,Mahindra,7478,8975.0,-16.68,7890.0,-5.22
2024-10-31,2024,10,Q4,3W,Mahindra,10153,9432.0,7.64,6418.0,58.2
2024-11-30,2024,11,Q4,3W,Mahindra,10484,10050.0,4.32,7458.0,40.57
2024-12-31,2024,12,Q4,3W,Mahindra,8159,6791.0,20.14,7478.0,9.11
2020-01-31,2020,1,Q1,3W,Piaggio,2374,,,,
2020-02-29,2020,2,Q1,3W,Piaggio,2711,,,,
2020-03-31,2020,3,Q1,3W,Piaggio,1891,,,,
2020-04-30,2020,4,Q2,3W,Piaggio,1606,,,2374.0,-32.35
2020-05-31,2020,5,Q2,3W,Piaggio,1541,,,2711.0,-43.16
2020-06-30,2020,6,Q2,3W,Piaggio,1408,,,1891.0,-25.54
2020-07-31,2020,7,Q3,3W,Piaggio,1195,,,1606.0,-25.59
2020-08-31,2020,8,Q3,3W,Piaggio,1309,,,1541.0,-15.06
2020-09-30,2020,9,Q3,3W,Piaggio,1664,,,1408.0,18.18
2020-10-31,2020,10,Q4,3W,Piaggio,2006,,,1195.0,67.87
2020-11-30,2020,11,Q4,3W,Piaggio,1674,,,1309.0,27.88
2020-12-31,2020,12,Q4,3W,Piaggio,1464,,,1664.0,-12.02
2021-01-31,2021,1,Q1,3W,Piaggio,2191,2374.0,-7.71,2006.0,9.22
2021-02-28,2021,2,Q1,3W,Piaggio,2136,2711.0,-21.21,1674.0,27.6
2021-03-31,2021,3,Q1,3W,Piaggio,2266,1891.0,19.83,1464.0,54.78
2021-04-30,2021,4,Q2,3W,Piaggio,1991,1606.0,23.97,2191.0,-9.13
2021-05-31,2021,5,Q2,3W,Piaggio,2278,1541.0,47.83,2136.0,6.65
2021-06-30,2021,6,Q2,3W,Piaggio,1863,1408.0,32.32,2266.0,-17.78
2021-07-31,2021,7,Q3,3W,Piaggio,2097,1195.0,75.48,1991.0,5.32
2021-08-31,2021,8,Q3,3W,Piaggio,1992,1309.0,52.18,2278.0,-12.55
2021-09-30,2021,9,Q3,3W,Piaggio,2397,1664.0,44.05,1863.0,28.66
2021-10-31,2021,10,Q4,3W,Piaggio,3871,2006.0,92.97,2097.0,84.6
2021-11-30,2021,11,Q4,3W,Piaggio,3490,1674.0,108.48,1992.0,75.2
2021-12-31,2021,12,Q4,3W,Piaggio,2834,1464.0,93.58,2397.0,18.23
2022-01-31,2022,1,Q1,3W,Piaggio,2681,2191.0,22.36,3871.0,-30.74
2022-02-28,2022,2,Q1,3W,Piaggio,3234,2136.0,51.4,3490.0,-7.34
2022-03-31,2022,3,Q1,3W,Piaggio,2728,2266.0,20.39,2834.0,-3.74
2022-04-30,2022,4,Q2,3W,Piaggio,3365,1991.0,69.01,2681.0,25.51
2022-05-31,2022,5,Q2,3W,Piaggio,2948,2278.0,29.41,3234.0,-8.84
2022-06-30,2022,6,Q2,3W,Piaggio,3122,1863.0,67.58,2728.0,14.44
2022-07-31,2022,7,Q3,3W,Piaggio,2458,2097.0,17.22,3365.0,-26.95
2022-08-31,2022,8,Q3,3W,Piaggio,2071,1992.0,3.97,2948.0,-29.75
2022-09-30,2022,9,Q3,3W,Piaggio,2649,2397.0,10.51,3122.0,-15.15
2022-10-31,2022,10,Q4,3W,Piaggio,4307,3871.0,11.26,2458.0,75.22
2022-11-30,2022,11,Q4,3W,Piaggio,3690,3490.0,5.73,2071.0,78.17
2022-12-31,2022,12,Q4,3W,Piaggio,2504,2834.0,-11.64,2649.0,-5.47
2023-01-31,2023,1,Q1,3W,Piaggio,2813,2681.0,4.92,4307.0,-34.69
2023-02-28,2023,2,Q1,3W,Piaggio,3338,3234.0,3.22,3690.0,-9.54
2023-03-31,2023,3,Q1,3W,Piaggio,3711,2728.0,36.03,2504.0,48.2
2023-04-30,2023,4,Q2,3W,Piaggio,3059,3365.0,-9.09,2813.0,8.75
2023-05-31,2023,5,Q2,3W,Piaggio,3306,2948.0,12.14,3338.0,-0.96
2023-06-30,2023,6,Q2,3W,Piaggio,2707,3122.0,-13.29,3711.0,-27.05
2023-07-31,2023,7,Q3,3W,Piaggio,2858,2458.0,16.27,3059.0,-6.57
2023-08-31,2023,8,Q3,3W,Piaggio,2783,2071.0,34.38,3306.0,-15.82
2023-09-30,2023,9,Q3,3W,Piaggio,3352,2649.0,26.54,2707.0,23.83
2023-10-31,2023,10,Q4,3W,Piaggio,3704,4307.0,-14.0,2858.0,29.6
2023-11-30,2023,11,Q4,3W,Piaggio,4288,3690.0,16.21,2783.0,54.08
2023-12-31,2023,12,Q4,3W,Piaggio,3561,2504.0,42.21,3352.0,6.24
2024-01-31,2024,1,Q1,3W,Piaggio,3756,2813.0,33.52,3704.0,1.4
2024-02-29,2024,2,Q1,3W,Piaggio,3346,3338.0,0.24,4288.0,-21.97
2024-03-31,2024,3,Q1,3W,Piaggio,3508,3711.0,-5.47,3561.0,-1.49
2024-04-30,2024,4,Q2,3W,Piaggio,3725,3059.0,21.77,3756.0,-0.83
2024-05-31,2024,5,Q2,3W,Piaggio,3219,3306.0,-2.63,3346.0,-3.8
2024-06-30,2024,6,Q2,3W,Piaggio,3147,2707.0,16.25,3508.0,-10.29
2024-07-31,2024,7,Q3,3W,Piaggio,2627,2858.0,-8.08,3725.0,-29.48
2024-08-31,2024,8,Q3,3W,Piaggio,2468,2783.0,-11.32,3219.0,-23.33
2024-09-30,2024,9,Q3,3W,Piaggio,3744,3352.0,11.69,3147.0,18.97
2024-10-31,2024,10,Q4,3W,Piaggio,4862,3704.0,31.26,2627.0,85.08
2024-11-30,2024,11,Q4,3W,Piaggio,4741,4288.0,10.56,2468.0,92.1
2024-12-31,2024,12,Q4,3W,Piaggio,3458,3561.0,-2.89,3744.0,-7.64
2020-01-31,2020,1,Q1,3W,TVS,4102,,,,
2020-02-29,2020,2,Q1,3W,TVS,3865,,,,
2020-03-31,2020,3,Q1,3W,TVS,2119,,,,
2020-04-30,2020,4,Q2,3W,TVS,2551,,,4102.0,-37.81
2020-05-31,2020,5,Q2,3W,TVS,2273,,,3865.0,-41.19
2020-06-30,2020,6,Q2,3W,TVS,2481,,,2119.0,17.08
2020-07-31,2020,7,Q3,3W,TVS,1697,,,2551.0,-33.48
2020-08-31,2020,8,Q3,3W,TVS,1902,,,2273.0,-16.32
2020-09-30,2020,9,Q3,3W,TVS,2343,,,2481.0,-5.56
2020-10-31,2020,10,Q4,3W,TVS,2732,,,1697.0,60.99
2020-11-30,2020,11,Q4,3W,TVS,2747,,,1902.0,44.43
2020-12-31,2020,12,Q4,3W,TVS,2287,,,2343.0,-2.39
2021-01-31,2021,1,Q1,3W,TVS,2702,4102.0,-34.13,2732.0,-1.1
2021-02-28,2021,2,Q1,3W,TVS,3339,3865.0,-13.61,2747.0,21.55
2021-03-31,2021,3,Q1,3W,TVS,2901,2119.0,36.9,2287.0,26.85
2021-04-30,2021,4,Q2,3W,TVS,3833,2551.0,50.25,2702.0,41.86
2021-05-31,2021,5,Q2,3W,TVS,3423,2273.0,50.59,3339.0,2.52
2021-06-30,2021,6,Q2,3W,TVS,2588,2481.0,4.31,2901.0,-10.79
2021-07-31,2021,7,Q3,3W,TVS,3097,1697.0,82.5,3833.0,-19.2
2021-08-31,2021,8,Q3,3W,TVS,3709,1902.0,95.01,3423.0,8.36
2021-09-30,2021,9,Q3,3W,TVS,3973,2343.0,69.57,2588.0,53.52
2021-10-31,2021,10,Q4,3W,TVS,4574,2732.0,67.42,3097.0,47.69
2021-11-30,2021,11,Q4,3W,TVS,5209,2747.0,89.63,3709.0,40.44
2021-12-31,2021,12,Q4,3W,TVS,4396,2287.0,92.22,3973.0,10.65
2022-01-31,2022,1,Q1,3W,TVS,4823,2702.0,78.5,4574.0,5.44
2022-02-28,2022,2,Q1,3W,TVS,4981,3339.0,49.18,5209.0,-4.38
2022-03-31,2022,3,Q1,3W,TVS,5405,2901.0,86.32,4396.0,22.95
2022-04-30,2022,4,Q2,3W,TVS,4998,3833.0,30.39,4823.0,3.63
2022-05-31,2022,5,Q2,3W,TVS,4068,3423.0,18.84,4981.0,-18.33
2022-06-30,2022,6,Q2,3W,TVS,4791,2588.0,85.12,5405.0,-11.36
2022-07-31,2022,7,Q3,3W,TVS,3178,3097.0,2.62,4998.0,-36.41
2022-08-31,2022,8,Q3,3W,TVS,3639,3709.0,-1.89,4068.0,-10.55
2022-09-30,2022,9,Q3,3W,TVS,4455,3973.0,12.13,4791.0,-7.01
2022-10-31,2022,10,Q4,3W,TVS,5714,4574.0,24.92,3178.0,79.8
2022-11-30,2022,11,Q4,3W,TVS,5570,5209.0,6.93,3639.0,53.06
2022-12-31,2022,12,Q4,3W,TVS,4723,4396.0,7.44,4455.0,6.02
2023-01-31,2023,1,Q1,3W,TVS,4738,4823.0,-1.76,5714.0,-17.08
2023-02-28,2023,2,Q1,3W,TVS,5051,4981.0,1.41,5570.0,-9.32
2023-03-31,2023,3,Q1,3W,TVS,5881,5405.0,8.81,4723.0,24.52
2023-04-30,2023,4,Q2,3W,TVS,4948,4998.0,-1.0,4738.0,4.43
2023-05-31,2023,5,Q2,3W,TVS,4330,4068.0,6.44,5051.0,-14.27
2023-06-30,2023,6,Q2,3W,TVS,5162,4791.0,7.74,5881.0,-12.23
2023-07-31,2023,7,Q3,3W,TVS,3682,3178.0,15.86,4948.0,-25.59
2023-08-31,2023,8,Q3,3W,TVS,3598,3639.0,-1.13,4330.0,-16.91
2023-09-30,2023,9,Q3,3W,TVS,4627,4455.0,3.86,5162.0,-10.36
2023-10-31,2023,10,Q4,3W,TVS,5784,5714.0,1.23,3682.0,57.09
2023-11-30,2023,11,Q4,3W,TVS,5807,5570.0,4.25,3598.0,61.4
2023-12-31,2023,12,Q4,3W,TVS,5156,4723.0,9.17,4627.0,11.43
2024-01-31,2024,1,Q1,3W,TVS,4394,4738.0,-7.26,5784.0,-24.03
2024-02-29,2024,2,Q1,3W,TVS,4381,5051.0,-13.26,5807.0,-24.56
2024-03-31,2024,3,Q1,3W,TVS,5386,5881.0,-8.42,5156.0,4.46
2024-04-30,2024,4,Q2,3W,TVS,4838,4948.0,-2.22,4394.0,10.1
2024-05-31,2024,5,Q2,3W,TVS,5644,4330.0,30.35,4381.0,28.83
2024-06-30,2024,6,Q2,3W,TVS,4654,5162.0,-9.84,5386.0,-13.59
2024-07-31,2024,7,Q3,3W,TVS,4056,3682.0,10.16,4838.0,-16.16
2024-08-31,2024,8,Q3,3W,TVS,4440,3598.0,23.4,5644.0,-21.33
2024-09-30,2024,9,Q3,3W,TVS,5810,4627.0,25.57,4654.0,24.84
2024-10-31,2024,10,Q4,3W,TVS,7226,5784.0,24.93,4056.0,78.16
2024-11-30,2024,11,Q4,3W,TVS,7233,5807.0,24.56,4440.0,62.91
2024-12-31,2024,12,Q4,3W,TVS,5800,5156.0,12.49,5810.0,-0.17
2020-01-31,2020,1,Q1,4W,Hyundai,45942,,,,
2020-02-29,2020,2,Q1,4W,Hyundai,45478,,,,
2020-03-31,2020,3,Q1,4W,Hyundai,33283,,,,
2020-04-30,2020,4,Q2,4W,Hyundai,32781,,,45942.0,-28.65
2020-05-31,2020,5,Q2,4W,Hyundai,33221,,,45478.0,-26.95
2020-06-30,2020,6,Q2,4W,Hyundai,33626,,,33283.0,1.03
2020-07-31,2020,7,Q3,4W,Hyundai,27617,,,32781.0,-15.75
2020-08-31,2020,8,Q3,4W,Hyundai,27334,,,33221.0,-17.72
2020-09-30,2020,9,Q3,4W,Hyundai,31817,,,33626.0,-5.38
2020-10-31,2020,10,Q4,4W,Hyundai,39713,,,27617.0,43.8
2020-11-30,2020,11,Q4,4W,Hyundai,39759,,,27334.0,45.46
2020-12-31,2020,12,Q4,4W,Hyundai,30419,,,31817.0,-4.39
2021-01-31,2021,1,Q1,4W,Hyundai,41437,45942.0,-9.81,39713.0,4.34
2021-02-28,2021,2,Q1,4W,Hyundai,35767,45478.0,-21.35,39759.0,-10.04
2021-03-31,2021,3,Q1,4W,Hyundai,42268,33283.0,27.0,30419.0,38.95
2021-04-30,2021,4,Q2,4W,Hyundai,42108,32781.0,28.45,41437.0,1.62
2021-05-31,2021,5,Q2,4W,Hyundai,41336,33221.0,24.43,35767.0,15.57
2021-06-30,2021,6,Q2,4W,Hyundai,38511,33626.0,14.53,42268.0,-8.89
2021-07-31,2021,7,Q3,4W,Hyundai,39042,27617.0,41.37,42108.0,-7.28
2021-08-31,2021,8,Q3,4W,Hyundai,49912,27334.0,82.6,41336.0,20.75
2021-09-30,2021,9,Q3,4W,Hyundai,48477,31817.0,52.36,38511.0,25.88
2021-10-31,2021,10,Q4,4W,Hyundai,66063,39713.0,66.35,39042.0,69.21
2021-11-30,2021,11,Q4,4W,Hyundai,70050,39759.0,76.19,49912.0,40.35
2021-12-31,2021,12,Q4,4W,Hyundai,56836,30419.0,86.84,48477.0,17.24
2022-01-31,2022,1,Q1,4W,Hyundai,56346,41437.0,35.98,66063.0,-14.71
2022-02-28,2022,2,Q1,4W,Hyundai,50552,35767.0,41.34,70050.0,-27.83
2022-03-31,2022,3,Q1,4W,Hyundai,67644,42268.0,60.04,56836.0,19.02
2022-04-30,2022,4,Q2,4W,Hyundai,72486,42108.0,72.14,56346.0,28.64
2022-05-31,2022,5,Q2,4W,Hyundai,61132,41336.0,47.89,50552.0,20.93
2022-06-30,2022,6,Q2,4W,Hyundai,60077,38511.0,56.0,67644.0,-11.19
2022-07-31,2022,7,Q3,4W,Hyundai,43984,39042.0,12.66,72486.0,-39.32
2022-08-31,2022,8,Q3,4W,Hyundai,43161,49912.0,-13.53,61132.0,-29.4
2022-09-30,2022,9,Q3,4W,Hyundai,67274,48477.0,38.78,60077.0,11.98
2022-10-31,2022,10,Q4,4W,Hyundai,76382,66063.0,15.62,43984.0,73.66
2022-11-30,2022,11,Q4,4W,Hyundai,71545,70050.0,2.13,43161.0,65.76
2022-12-31,2022,12,Q4,4W,Hyundai,56323,56836.0,-0.9,67274.0,-16.28
2023-01-31,2023,1,Q1,4W,Hyundai,56074,56346.0,-0.48,76382.0,-26.59
2023-02-28,2023,2,Q1,4W,Hyundai,57658,50552.0,14.06,71545.0,-19.41
2023-03-31,2023,3,Q1,4W,Hyundai,66799,67644.0,-1.25,56323.0,18.6
2023-04-30,2023,4,Q2,4W,Hyundai,64057,72486.0,-11.63,56074.0,14.24
2023-05-31,2023,5,Q2,4W,Hyundai,64354,61132.0,5.27,57658.0,11.61
2023-06-30,2023,6,Q2,4W,Hyundai,64512,60077.0,7.38,66799.0,-3.42
2023-07-31,2023,7,Q3,4W,Hyundai,56063,43984.0,27.46,64057.0,-12.48
2023-08-31,2023,8,Q3,4W,Hyundai,56918,43161.0,31.87,64354.0,-11.55
2023-09-30,2023,9,Q3,4W,Hyundai,57148,67274.0,-15.05,64512.0,-11.41
2023-10-31,2023,10,Q4,4W,Hyundai,84537,76382.0,10.68,56063.0,50.79
2023-11-30,2023,11,Q4,4W,Hyundai,78104,71545.0,9.17,56918.0,37.22
2023-12-31,2023,12,Q4,4W,Hyundai,56585,56323.0,0.47,57148.0,-0.99
2024-01-31,2024,1,Q1,4W,Hyundai,64950,56074.0,15.83,84537.0,-23.17
2024-02-29,2024,2,Q1,4W,Hyundai,77307,57658.0,34.08,78104.0,-1.02
2024-03-31,2024,3,Q1,4W,Hyundai,74657,66799.0,11.76,56585.0,31.94
2024-04-30,2024,4,Q2,4W,Hyundai,85025,64057.0,32.73,64950.0,30.91
2024-05-31,2024,5,Q2,4W,Hyundai,67281,64354.0,4.55,77307.0,-12.97
2024-06-30,2024,6,Q2,4W,Hyundai,69207,64512.0,7.28,74657.0,-7.3
2024-07-31,2024,7,Q3,4W,Hyundai,51884,56063.0,-7.45,85025.0,-38.98
2024-08-31,2024,8,Q3,4W,Hyundai,57621,56918.0,1.24,67281.0,-14.36
2024-09-30,2024,9,Q3,4W,Hyundai,65771,57148.0,15.09,69207.0,-4.96
2024-10-31,2024,10,Q4,4W,Hyundai,97009,84537.0,14.75,51884.0,86.97
2024-11-30,2024,11,Q4,4W,Hyundai,93676,78104.0,19.94,57621.0,62.57
2024-12-31,2024,12,Q4,4W,Hyundai,62434,56585.0,10.34,65771.0,-5.07
2020-01-31,2020,1,Q1,4W,Kia,19396,,,,
2020-02-29,2020,2,Q1,4W,Kia,19994,,,,
2020-03-31,2020,3,Q1,4W,Kia,16311,,,,
2020-04-30,2020,4,Q2,4W,Kia,13759,,,19396.0,-29.06
2020-05-31,2020,5,Q2,4W,Kia,14532,,,19994.0,-27.32
2020-06-30,2020,6,Q2,4W,Kia,14602,,,16311.0,-10.48
2020-07-31,2020,7,Q3,4W,Kia,9263,,,13759.0,-32.68
2020-08-31,2020,8,Q3,4W,Kia,9598,,,14532.0,-33.95
2020-09-30,2020,9,Q3,4W,Kia,13727,,,14602.0,-5.99
2020-10-31,2020,10,Q4,4W,Kia,16594,,,9263.0,79.14
2020-11-30,2020,11,Q4,4W,Kia,18980,,,9598.0,97.75
2020-12-31,2020,12,Q4,4W,Kia,13271,,,13727.0,-3.32
2021-01-31,2021,1,Q1,4W,Kia,16668,19396.0,-14.06,16594.0,0.45
2021-02-28,2021,2,Q1,4W,Kia,20306,19994.0,1.56,18980.0,6.99
2021-03-31,2021,3,Q1,4W,Kia,17072,16311.0,4.67,13271.0,28.64
2021-04-30,2021,4,Q2,4W,Kia,22789,13759.0,65.63,16668.0,36.72
2021-05-31,2021,5,Q2,4W,Kia,19502,14532.0,34.2,20306.0,-3.96
2021-06-30,2021,6,Q2,4W,Kia,20547,14602.0,40.71,17072.0,20.35
2021-07-31,2021,7,Q3,4W,Kia,21842,9263.0,135.8,22789.0,-4.16
2021-08-31,2021,8,Q3,4W,Kia,20562,9598.0,114.23,19502.0,5.44
2021-09-30,2021,9,Q3,4W,Kia,21210,13727.0,54.51,20547.0,3.23
2021-10-31,2021,10,Q4,4W,Kia,35468,16594.0,113.74,21842.0,62.38
2021-11-30,2021,11,Q4,4W,Kia,28085,18980.0,47.97,20562.0,36.59
2021-12-31,2021,12,Q4,4W,Kia,23965,13271.0,80.58,21210.0,12.99
2022-01-31,2022,1,Q1,4W,Kia,24733,16668.0,48.39,35468.0,-30.27
2022-02-28,2022,2,Q1,4W,Kia,23642,20306.0,16.43,28085.0,-15.82
2022-03-31,2022,3,Q1,4W,Kia,28348,17072.0,66.05,23965.0,18.29
2022-04-30,2022,4,Q2,4W,Kia,26679,22789.0,17.07,24733.0,7.87
2022-05-31,2022,5,Q2,4W,Kia,29052,19502.0,48.97,23642.0,22.88
2022-06-30,2022,6,Q2,4W,Kia,25552,20547.0,24.36,28348.0,-9.86
2022-07-31,2022,7,Q3,4W,Kia,23442,21842.0,7.33,26679.0,-12.13
2022-08-31,2022,8,Q3,4W,Kia,23163,20562.0,12.65,29052.0,-20.27
2022-09-30,2022,9,Q3,4W,Kia,29060,21210.0,37.01,25552.0,13.73
2022-10-31,2022,10,Q4,4W,Kia,30431,35468.0,-14.2,23442.0,29.81
2022-11-30,2022,11,Q4,4W,Kia,39012,28085.0,38.91,23163.0,68.42
2022-12-31,2022,12,Q4,4W,Kia,26213,23965.0,9.38,29060.0,-9.8
2023-01-31,2023,1,Q1,4W,Kia,31329,24733.0,26.67,30431.0,2.95
2023-02-28,2023,2,Q1,4W,Kia,29142,23642.0,23.26,39012.0,-25.3
2023-03-31,2023,3,Q1,4W,Kia,29986,28348.0,5.78,26213.0,14.39
2023-04-30,2023,4,Q2,4W,Kia,28664,26679.0,7.44,31329.0,-8.51
2023-05-31,2023,5,Q2,4W,Kia,28151,29052.0,-3.1,29142.0,-3.4
2023-06-30,2023,6,Q2,4W,Kia,28361,25552.0,10.99,29986.0,-5.42
2023-07-31,2023,7,Q3,4W,Kia,22447,23442.0,-4.24,28664.0,-21.69
2023-08-31,2023,8,Q3,4W,Kia,22371,23163.0,-3.42,28151.0,-20.53
2023-09-30,2023,9,Q3,4W,Kia,28193,29060.0,-2.98,28361.0,-0.59
2023-10-31,2023,10,Q4,4W,Kia,33662,30431.0,10.62,22447.0,49.96
2023-11-30,2023,11,Q4,4W,Kia,38512,39012.0,-1.28,22371.0,72.15
2023-12-31,2023,12,Q4,4W,Kia,25488,26213.0,-2.77,28193.0,-9.59
2024-01-31,2024,1,Q1,4W,Kia,33373,31329.0,6.52,33662.0,-0.86
2024-02-29,2024,2,Q1,4W,Kia,26274,29142.0,-9.84,38512.0,-31.78
2024-03-31,2024,3,Q1,4W,Kia,34221,29986.0,14.12,25488.0,34.26
2024-04-30,2024,4,Q2,4W,Kia,37752,28664.0,31.71,33373.0,13.12
2024-05-31,2024,5,Q2,4W,Kia,26411,28151.0,-6.18,26274.0,0.52
2024-06-30,2024,6,Q2,4W,Kia,33358,28361.0,17.62,34221.0,-2.52
2024-07-31,2024,7,Q3,4W,Kia,23707,22447.0,5.61,37752.0,-37.2
2024-08-31,2024,8,Q3,4W,Kia,26552,22371.0,18.69,26411.0,0.53
2024-09-30,2024,9,Q3,4W,Kia,31336,28193.0,11.15,33358.0,-6.06
2024-10-31,2024,10,Q4,4W,Kia,35901,33662.0,6.65,23707.0,51.44
2024-11-30,2024,11,Q4,4W,Kia,41625,38512.0,8.08,26552.0,56.77
2024-12-31,2024,12,Q4,4W,Kia,34431,25488.0,35.09,31336.0,9.88
2020-01-31,2020,1,Q1,4W,MG Motor,15590,,,,
2020-02-29,2020,2,Q1,4W,MG Motor,13178,,,,
2020-03-31,2020,3,Q1,4W,MG Motor,9924,,,,
2020-04-30,2020,4,Q2,4W,MG Motor,9128,,,15590.0,-41.45
2020-05-31,2020,5,Q2,4W,MG Motor,7907,,,13178.0,-40.0
2020-06-30,2020,6,Q2,4W,MG Motor,8674,,,9924.0,-12.6
2020-07-31,2020,7,Q3,4W,MG Motor,6429,,,9128.0,-29.57
2020-08-31,2020,8,Q3,4W,MG Motor,7504,,,7907.0,-5.1
2020-09-30,2020,9,Q3,4W,MG Motor,9257,,,8674.0,6.72
2020-10-31,2020,10,Q4,4W,MG Motor,10178,,,6429.0,58.31
2020-11-30,2020,11,Q4,4W,MG Motor,10409,,,7504.0,38.71
2020-12-31,2020,12,Q4,4W,MG Motor,7255,,,9257.0,-21.63
2021-01-31,2021,1,Q1,4W,MG Motor,10961,15590.0,-29.69,10178.0,7.69
2021-02-28,2021,2,Q1,4W,MG Motor,12326,13178.0,-6.47,10409.0,18.42
2021-03-31,2021,3,Q1,4W,MG Motor,12480,9924.0,25.76,7255.0,72.02
2021-04-30,2021,4,Q2,4W,MG Motor,13823,9128.0,51.44,10961.0,26.11
2021-05-31,2021,5,Q2,4W,MG Motor,12215,7907.0,54.48,12326.0,-0.9
2021-06-30,2021,6,Q2,4W,MG Motor,11467,8674.0,32.2,12480.0,-8.12
2021-07-31,2021,7,Q3,4W,MG Motor,11111,6429.0,72.83,13823.0,-19.62
2021-08-31,2021,8,Q3,4W,MG Motor,11460,7504.0,52.72,12215.0,-6.18
2021-09-30,2021,9,Q3,4W,MG Motor,15771,9257.0,70.37,11467.0,37.53
2021-10-31,2021,10,Q4,4W,MG Motor,17502,10178.0,71.96,11111.0,57.52
2021-11-30,2021,11,Q4,4W,MG Motor,22093,10409.0,112.25,11460.0,92.78
2021-12-31,2021,12,Q4,4W,MG Motor,15410,7255.0,112.41,15771.0,-2.29
2022-01-31,2022,1,Q1,4W,MG Motor,17411,10961.0,58.84,17502.0,-0.52
2022-02-28,2022,2,Q1,4W,MG Motor,15931,12326.0,29.25,22093.0,-27.89
2022-03-31,2022,3,Q1,4W,MG Motor,19893,12480.0,59.4,15410.0,29.09
2022-04-30,2022,4,Q2,4W,MG Motor,19574,13823.0,41.6,17411.0,12.42
2022-05-31,2022,5,Q2,4W,MG Motor,16618,12215.0,36.05,15931.0,4.31
2022-06-30,2022,6,Q2,4W,MG Motor,18677,11467.0,62.88,19893.0,-6.11
2022-07-31,2022,7,Q3,4W,MG Motor,12243,11111.0,10.19,19574.0,-37.45
2022-08-31,2022,8,Q3,4W,MG Motor,11481,11460.0,0.18,16618.0,-30.91
2022-09-30,2022,9,Q3,4W,MG Motor,16759,15771.0,6.26,18677.0,-10.27
2022-10-31,2022,10,Q4,4W,MG Motor,22139,17502.0,26.49,12243.0,80.83
2022-11-30,2022,11,Q4,4W,MG Motor,22413,22093.0,1.45,11481.0,95.22
2022-12-31,2022,12,Q4,4W,MG Motor,17978,15410.0,16.66,16759.0,7.27
2023-01-31,2023,1,Q1,4W,MG Motor,16095,17411.0,-7.56,22139.0,-27.3
2023-02-28,2023,2,Q1,4W,MG Motor,18388,15931.0,15.42,22413.0,-17.96
2023-03-31,2023,3,Q1,4W,MG Motor,18281,19893.0,-8.1,17978.0,1.69
2023-04-30,2023,4,Q2,4W,MG Motor,21440,19574.0,9.53,16095.0,33.21
2023-05-31,2023,5,Q2,4W,MG Motor,16975,16618.0,2.15,18388.0,-7.68
2023-06-30,2023,6,Q2,4W,MG Motor,17834,18677.0,-4.51,18281.0,-2.45
2023-07-31,2023,7,Q3,4W,MG Motor,13477,12243.0,10.08,21440.0,-37.14
2023-08-31,2023,8,Q3,4W,MG Motor,12223,11481.0,6.46,16975.0,-27.99
2023-09-30,2023,9,Q3,4W,MG Motor,16479,16759.0,-1.67,17834.0,-7.6
2023-10-31,2023,10,Q4,4W,MG Motor,21087,22139.0,-4.75,13477.0,56.47
2023-11-30,2023,11,Q4,4W,MG Motor,20742,22413.0,-7.46,12223.0,69.7
2023-12-31,2023,12,Q4,4W,MG Motor,15909,17978.0,-11.51,16479.0,-3.46
2024-01-31,2024,1,Q1,4W,MG Motor,20597,16095.0,27.97,21087.0,-2.32
2024-02-29,2024,2,Q1,4W,MG Motor,20653,18388.0,12.32,20742.0,-0.43
2024-03-31,2024,3,Q1,4W,MG Motor,22833,18281.0,24.9,15909.0,43.52
2024-04-30,2024,4,Q2,4W,MG Motor,18972,21440.0,-11.51,20597.0,-7.89
2024-05-31,2024,5,Q2,4W,MG Motor,18562,16975.0,9.35,20653.0,-10.12
2024-06-30,2024,6,Q2,4W,MG Motor,20846,17834.0,16.89,22833.0,-8.7
2024-07-31,2024,7,Q3,4W,MG Motor,17428,13477.0,29.32,18972.0,-8.14
2024-08-31,2024,8,Q3,4W,MG Motor,17117,12223.0,40.04,18562.0,-7.78
2024-09-30,2024,9,Q3,4W,MG Motor,19453,16479.0,18.05,20846.0,-6.68
2024-10-31,2024,10,Q4,4W,MG Motor,21901,21087.0,3.86,17428.0,25.67
2024-11-30,2024,11,Q4,4W,MG Motor,24320,20742.0,17.25,17117.0,42.08
2024-12-31,2024,12,Q4,4W,MG Motor,16464,15909.0,3.49,19453.0,-15.37
2020-01-31,2020,1,Q1,4W,Mahindra,28130,,,,
2020-02-29,2020,2,Q1,4W,Mahindra,28513,,,,
2020-03-31,2020,3,Q1,4W,Mahindra,20070,,,,
2020-04-30,2020,4,Q2,4W,Mahindra,17741,,,28130.0,-36.93
2020-05-31,2020,5,Q2,4W,Mahindra,17251,,,28513.0,-39.5
2020-06-30,2020,6,Q2,4W,Mahindra,14321,,,20070.0,-28.64
2020-07-31,2020,7,Q3,4W,Mahindra,12172,,,17741.0,-31.39
2020-08-31,2020,8,Q3,4W,Mahindra,12818,,,17251.0,-25.7
2020-09-30,2020,9,Q3,4W,Mahindra,17199,,,14321.0,20.1
2020-10-31,2020,10,Q4,4W,Mahindra,24810,,,12172.0,103.83
2020-11-30,2020,11,Q4,4W,Mahindra,24978,,,12818.0,94.87
2020-12-31,2020,12,Q4,4W,Mahindra,14327,,,17199.0,-16.7
2021-01-31,2021,1,Q1,4W,Mahindra,24293,28130.0,-13.64,24810.0,-2.08
2021-02-28,2021,2,Q1,4W,Mahindra,22424,28513.0,-21.36,24978.0,-10.22
2021-03-31,2021,3,Q1,4W,Mahindra,26052,20070.0,29.81,14327.0,81.84
2021-04-30,2021,4,Q2,4W,Mahindra,27648,17741.0,55.84,24293.0,13.81
2021-05-31,2021,5,Q2,4W,Mahindra,23622,17251.0,36.93,22424.0,5.34
2021-06-30,2021,6,Q2,4W,Mahindra,25758,14321.0,79.86,26052.0,-1.13
2021-07-31,2021,7,Q3,4W,Mahindra,27283,12172.0,124.15,27648.0,-1.32
2021-08-31,2021,8,Q3,4W,Mahindra,22727,12818.0,77.31,23622.0,-3.79
2021-09-30,2021,9,Q3,4W,Mahindra,27638,17199.0,60.7,25758.0,7.3
2021-10-31,2021,10,Q4,4W,Mahindra,40008,24810.0,61.26,27283.0,46.64
2021-11-30,2021,11,Q4,4W,Mahindra,39121,24978.0,56.62,22727.0,72.13
2021-12-31,2021,12,Q4,4W,Mahindra,33248,14327.0,132.07,27638.0,20.3
2022-01-31,2022,1,Q1,4W,Mahindra,34220,24293.0,40.86,40008.0,-14.47
2022-02-28,2022,2,Q1,4W,Mahindra,34928,22424.0,55.76,39121.0,-10.72
2022-03-31,2022,3,Q1,4W,Mahindra,32289,26052.0,23.94,33248.0,-2.88
2022-04-30,2022,4,Q2,4W,Mahindra,40806,27648.0,47.59,34220.0,19.25
2022-05-31,2022,5,Q2,4W,Mahindra,32090,23622.0,35.85,34928.0,-8.13
2022-06-30,2022,6,Q2,4W,Mahindra,30275,25758.0,17.54,32289.0,-6.24
2022-07-31,2022,7,Q3,4W,Mahindra,23571,27283.0,-13.61,40806.0,-42.24
2022-08-31,2022,8,Q3,4W,Mahindra,24671,22727.0,8.55,32090.0,-23.12
2022-09-30,2022,9,Q3,4W,Mahindra,32242,27638.0,16.66,30275.0,6.5
2022-10-31,2022,10,Q4,4W,Mahindra,41676,40008.0,4.17,23571.0,76.81
2022-11-30,2022,11,Q4,4W,Mahindra,39770,39121.0,1.66,24671.0,61.2
2022-12-31,2022,12,Q4,4W,Mahindra,35173,33248.0,5.79,32242.0,9.09
2023-01-31,2023,1,Q1,4W,Mahindra,32414,34220.0,-5.28,41676.0,-22.22
2023-02-28,2023,2,Q1,4W,Mahindra,39499,34928.0,13.09,39770.0,-0.68
2023-03-31,2023,3,Q1,4W,Mahindra,33292,32289.0,3.11,35173.0,-5.35
2023-04-30,2023,4,Q2,4W,Mahindra,40945,40806.0,0.34,32414.0,26.32
2023-05-31,2023,5,Q2,4W,Mahindra,33358,32090.0,3.95,39499.0,-15.55
2023-06-30,2023,6,Q2,4W,Mahindra,37878,30275.0,25.11,33292.0,13.78
2023-07-31,2023,7,Q3,4W,Mahindra,31658,23571.0,34.31,40945.0,-22.68
2023-08-31,2023,8,Q3,4W,Mahindra,24317,24671.0,-1.43,33358.0,-27.1
2023-09-30,2023,9,Q3,4W,Mahindra,35407,32242.0,9.82,37878.0,-6.52
2023-10-31,2023,10,Q4,4W,Mahindra,42757,41676.0,2.59,31658.0,35.06
2023-11-30,2023,11,Q4,4W,Mahindra,43706,39770.0,9.9,24317.0,79.73
2023-12-31,2023,12,Q4,4W,Mahindra,31323,35173.0,-10.95,35407.0,-11.53
2024-01-31,2024,1,Q1,4W,Mahindra,34006,32414.0,4.91,42757.0,-20.47
2024-02-29,2024,2,Q1,4W,Mahindra,40141,39499.0,1.63,43706.0,-8.16
2024-03-31,2024,3,Q1,4W,Mahindra,39890,33292.0,19.82,31323.0,27.35
2024-04-30,2024,4,Q2,4W,Mahindra,36115,40945.0,-11.8,34006.0,6.2
2024-05-31,2024,5,Q2,4W,Mahindra,40207,33358.0,20.53,40141.0,0.16
2024-06-30,2024,6,Q2,4W,Mahindra,37867,37878.0,-0.03,39890.0,-5.07
2024-07-31,2024,7,Q3,4W,Mahindra,25969,31658.0,-17.97,36115.0,-28.09
2024-08-31,2024,8,Q3,4W,Mahindra,34236,24317.0,40.79,40207.0,-14.85
2024-09-30,2024,9,Q3,4W,Mahindra,37044,35407.0,4.62,37867.0,-2.17
2024-10-31,2024,10,Q4,4W,Mahindra,51112,42757.0,19.54,25969.0,96.82
2024-11-30,2024,11,Q4,4W,Mahindra,45665,43706.0,4.48,34236.0,33.38
2024-12-31,2024,12,Q4,4W,Mahindra,41231,31323.0,31.63,37044.0,11.3
2020-01-31,2020,1,Q1,4W,Maruti Suzuki,95350,,,,
2020-02-29,2020,2,Q1,4W,Maruti Suzuki,103376,,,,
2020-03-31,2020,3,Q1,4W,Maruti Suzuki,68746,,,,
2020-04-30,2020,4,Q2,4W,Maruti Suzuki,62946,,,95350.0,-33.98
2020-05-31,2020,5,Q2,4W,Maruti Suzuki,73231,,,103376.0,-29.16
2020-06-30,2020,6,Q2,4W,Maruti Suzuki,66851,,,68746.0,-2.76
2020-07-31,2020,7,Q3,4W,Maruti Suzuki,48421,,,62946.0,-23.08
2020-08-31,2020,8,Q3,4W,Maruti Suzuki,59179,,,73231.0,-19.19
2020-09-30,2020,9,Q3,4W,Maruti Suzuki,60537,,,66851.0,-9.44
2020-10-31,2020,10,Q4,4W,Maruti Suzuki,78820,,,48421.0,62.78
2020-11-30,2020,11,Q4,4W,Maruti Suzuki,88215,,,59179.0,49.06
2020-12-31,2020,12,Q4,4W,Maruti Suzuki,71273,,,60537.0,17.73
2021-01-31,2021,1,Q1,4W,Maruti Suzuki,80116,95350.0,-15.98,78820.0,1.64
2021-02-28,2021,2,Q1,4W,Maruti Suzuki,97013,103376.0,-6.16,88215.0,9.97
2021-03-31,2021,3,Q1,4W,Maruti Suzuki,106610,68746.0,55.08,71273.0,49.58
2021-04-30,2021,4,Q2,4W,Maruti Suzuki,102435,62946.0,62.73,80116.0,27.86
2021-05-31,2021,5,Q2,4W,Maruti Suzuki,90254,73231.0,23.25,97013.0,-6.97
2021-06-30,2021,6,Q2,4W,Maruti Suzuki,100313,66851.0,50.05,106610.0,-5.91
2021-07-31,2021,7,Q3,4W,Maruti Suzuki,102330,48421.0,111.33,102435.0,-0.1
2021-08-31,2021,8,Q3,4W,Maruti Suzuki,88599,59179.0,49.71,90254.0,-1.83
2021-09-30,2021,9,Q3,4W,Maruti Suzuki,133604,60537.0,120.7,100313.0,33.19
2021-10-31,2021,10,Q4,4W,Maruti Suzuki,149655,78820.0,89.87,102330.0,46.25
2021-11-30,2021,11,Q4,4W,Maruti Suzuki,163245,88215.0,85.05,88599.0,84.25
2021-12-31,2021,12,Q4,4W,Maruti Suzuki,124331,71273.0,74.44,133604.0,-6.94
2022-01-31,2022,1,Q1,4W,Maruti Suzuki,147041,80116.0,83.54,149655.0,-1.75
2022-02-28,2022,2,Q1,4W,Maruti Suzuki,123817,97013.0,27.63,163245.0,-24.15
2022-03-31,2022,3,Q1,4W,Maruti Suzuki,163235,106610.0,53.11,124331.0,31.29
2022-04-30,2022,4,Q2,4W,Maruti Suzuki,156477,102435.0,52.76,147041.0,6.42
2022-05-31,2022,5,Q2,4W,Maruti Suzuki,130731,90254.0,44.85,123817.0,5.58
2022-06-30,2022,6,Q2,4W,Maruti Suzuki,123809,100313.0,23.42,163235.0,-24.15
2022-07-31,2022,7,Q3,4W,Maruti Suzuki,93423,102330.0,-8.7,156477.0,-40.3
2022-08-31,2022,8,Q3,4W,Maruti Suzuki,89252,88599.0,0.74,130731.0,-31.73
2022-09-30,2022,9,Q3,4W,Maruti Suzuki,138734,133604.0,3.84,123809.0,12.05
2022-10-31,2022,10,Q4,4W,Maruti Suzuki,161529,149655.0,7.93,93423.0,72.9
2022-11-30,2022,11,Q4,4W,Maruti Suzuki,187730,163245.0,15.0,89252.0,110.34
2022-12-31,2022,12,Q4,4W,Maruti Suzuki,147984,124331.0,19.02,138734.0,6.67
2023-01-31,2023,1,Q1,4W,Maruti Suzuki,126152,147041.0,-14.21,161529.0,-21.9
2023-02-28,2023,2,Q1,4W,Maruti Suzuki,129126,123817.0,4.29,187730.0,-31.22
2023-03-31,2023,3,Q1,4W,Maruti Suzuki,177792,163235.0,8.92,147984.0,20.14
2023-04-30,2023,4,Q2,4W,Maruti Suzuki,131919,156477.0,-15.69,126152.0,4.57
2023-05-31,2023,5,Q2,4W,Maruti Suzuki,144526,130731.0,10.55,129126.0,11.93
2023-06-30,2023,6,Q2,4W,Maruti Suzuki,125208,123809.0,1.13,177792.0,-29.58
2023-07-31,2023,7,Q3,4W,Maruti Suzuki,120557,93423.0,29.04,131919.0,-8.61
2023-08-31,2023,8,Q3,4W,Maruti Suzuki,109645,89252.0,22.85,144526.0,-24.13
2023-09-30,2023,9,Q3,4W,Maruti Suzuki,146491,138734.0,5.59,125208.0,17.0
2023-10-31,2023,10,Q4,4W,Maruti Suzuki,170513,161529.0,5.56,120557.0,41.44
2023-11-30,2023,11,Q4,4W,Maruti Suzuki,169344,187730.0,-9.79,109645.0,54.45
2023-12-31,2023,12,Q4,4W,Maruti Suzuki,130771,147984.0,-11.63,146491.0,-10.73
2024-01-31,2024,1,Q1,4W,Maruti Suzuki,131275,126152.0,4.06,170513.0,-23.01
2024-02-29,2024,2,Q1,4W,Maruti Suzuki,173381,129126.0,34.27,169344.0,2.38
2024-03-31,2024,3,Q1,4W,Maruti Suzuki,151667,177792.0,-14.69,130771.0,15.98
2024-04-30,2024,4,Q2,4W,Maruti Suzuki,176270,131919.0,33.62,131275.0,34.28
2024-05-31,2024,5,Q2,4W,Maruti Suzuki,170924,144526.0,18.27,173381.0,-1.42
2024-06-30,2024,6,Q2,4W,Maruti Suzuki,136060,125208.0,8.67,151667.0,-10.29
2024-07-31,2024,7,Q3,4W,Maruti Suzuki,125984,120557.0,4.5,176270.0,-28.53
2024-08-31,2024,8,Q3,4W,Maruti Suzuki,129203,109645.0,17.84,170924.0,-24.41
2024-09-30,2024,9,Q3,4W,Maruti Suzuki,164799,146491.0,12.5,136060.0,21.12
2024-10-31,2024,10,Q4,4W,Maruti Suzuki,203994,170513.0,19.64,125984.0,61.92
2024-11-30,2024,11,Q4,4W,Maruti Suzuki,169999,169344.0,0.39,129203.0,31.58
2024-12-31,2024,12,Q4,4W,Maruti Suzuki,150481,130771.0,15.07,164799.0,-8.69
2020-01-31,2020,1,Q1,4W,Tata,37306,,,,
2020-02-29,2020,2,Q1,4W,Tata,33300,,,,
2020-03-31,2020,3,Q1,4W,Tata,19669,,,,
2020-04-30,2020,4,Q2,4W,Tata,22708,,,37306.0,-39.13
2020-05-31,2020,5,Q2,4W,Tata,22321,,,33300.0,-32.97
2020-06-30,2020,6,Q2,4W,Tata,22192,,,19669.0,12.83
2020-07-31,2020,7,Q3,4W,Tata,15171,,,22708.0,-33.19
2020-08-31,2020,8,Q3,4W,Tata,17912,,,22321.0,-19.75
2020-09-30,2020,9,Q3,4W,Tata,19861,,,22192.0,-10.5
2020-10-31,2020,10,Q4,4W,Tata,24402,,,15171.0,60.85
2020-11-30,2020,11,Q4,4W,Tata,24851,,,17912.0,38.74
2020-12-31,2020,12,Q4,4W,Tata,17181,,,19861.0,-13.49
2021-01-31,2021,1,Q1,4W,Tata,23936,37306.0,-35.84,24402.0,-1.91
2021-02-28,2021,2,Q1,4W,Tata,28772,33300.0,-13.6,24851.0,15.78
2021-03-31,2021,3,Q1,4W,Tata,30499,19669.0,55.06,17181.0,77.52
2021-04-30,2021,4,Q2,4W,Tata,30179,22708.0,32.9,23936.0,26.08
2021-05-31,2021,5,Q2,4W,Tata,27324,22321.0,22.41,28772.0,-5.03
2021-06-30,2021,6,Q2,4W,Tata,30739,22192.0,38.51,30499.0,0.79
2021-07-31,2021,7,Q3,4W,Tata,31277,15171.0,106.16,30179.0,3.64
2021-08-31,2021,8,Q3,4W,Tata,31355,17912.0,75.05,27324.0,14.75
2021-09-30,2021,9,Q3,4W,Tata,38778,19861.0,95.25,30739.0,26.15
2021-10-31,2021,10,Q4,4W,Tata,42299,24402.0,73.34,31277.0,35.24
2021-11-30,2021,11,Q4,4W,Tata,52066,24851.0,109.51,31355.0,66.05
2021-12-31,2021,12,Q4,4W,Tata,33783,17181.0,96.63,38778.0,-12.88
2022-01-31,2022,1,Q1,4W,Tata,41779,23936.0,74.54,42299.0,-1.23
2022-02-28,2022,2,Q1,4W,Tata,44454,28772.0,54.5,52066.0,-14.62
2022-03-31,2022,3,Q1,4W,Tata,40018,30499.0,31.21,33783.0,18.46
2022-04-30,2022,4,Q2,4W,Tata,42341,30179.0,40.3,41779.0,1.35
2022-05-31,2022,5,Q2,4W,Tata,41031,27324.0,50.16,44454.0,-7.7
2022-06-30,2022,6,Q2,4W,Tata,43416,30739.0,41.24,40018.0,8.49
2022-07-31,2022,7,Q3,4W,Tata,33031,31277.0,5.61,42341.0,-21.99
2022-08-31,2022,8,Q3,4W,Tata,30192,31355.0,-3.71,41031.0,-26.42
2022-09-30,2022,9,Q3,4W,Tata,44353,38778.0,14.38,43416.0,2.16
2022-10-31,2022,10,Q4,4W,Tata,45333,42299.0,7.17,33031.0,37.24
2022-11-30,2022,11,Q4,4W,Tata,45730,52066.0,-12.17,30192.0,51.46
2022-12-31,2022,12,Q4,4W,Tata,40519,33783.0,19.94,44353.0,-8.64
2023-01-31,2023,1,Q1,4W,Tata,37022,41779.0,-11.39,45333.0,-18.33
2023-02-28,2023,2,Q1,4W,Tata,46505,44454.0,4.61,45730.0,1.69
2023-03-31,2023,3,Q1,4W,Tata,46814,40018.0,16.98,40519.0,15.54
2023-04-30,2023,4,Q2,4W,Tata,45586,42341.0,7.66,37022.0,23.13
2023-05-31,2023,5,Q2,4W,Tata,39721,41031.0,-3.19,46505.0,-14.59
2023-06-30,2023,6,Q2,4W,Tata,47631,43416.0,9.71,46814.0,1.75
2023-07-31,2023,7,Q3,4W,Tata,30020,33031.0,-9.12,45586.0,-34.15
2023-08-31,2023,8,Q3,4W,Tata,32717,30192.0,8.36,39721.0,-17.63
2023-09-30,2023,9,Q3,4W,Tata,46502,44353.0,4.85,47631.0,-2.37
2023-10-31,2023,10,Q4,4W,Tata,60954,45333.0,34.46,30020.0,103.04
2023-11-30,2023,11,Q4,4W,Tata,55852,45730.0,22.13,32717.0,70.71
2023-12-31,2023,12,Q4,4W,Tata,39405,40519.0,-2.75,46502.0,-15.26
2024-01-31,2024,1,Q1,4W,Tata,41944,37022.0,13.29,60954.0,-31.19
2024-02-29,2024,2,Q1,4W,Tata,49052,46505.0,5.48,55852.0,-12.18
2024-03-31,2024,3,Q1,4W,Tata,57081,46814.0,21.93,39405.0,44.86
2024-04-30,2024,4,Q2,4W,Tata,45250,45586.0,-0.74,41944.0,7.88
2024-05-31,2024,5,Q2,4W,Tata,44191,39721.0,11.25,49052.0,-9.91
2024-06-30,2024,6,Q2,4W,Tata,46052,47631.0,-3.32,57081.0,-19.32
2024-07-31,2024,7,Q3,4W,Tata,41582,30020.0,38.51,45250.0,-8.11
2024-08-31,2024,8,Q3,4W,Tata,40926,32717.0,25.09,44191.0,-7.39
2024-09-30,2024,9,Q3,4W,Tata,42735,46502.0,-8.1,46052.0,-7.2
2024-10-31,2024,10,Q4,4W,Tata,65553,60954.0,7.55,41582.0,57.65
2024-11-30,2024,11,Q4,4W,Tata,61932,55852.0,10.89,40926.0,51.33
2024-12-31,2024,12,Q4,4W,Tata,46913,39405.0,19.05,42735.0,9.78
2020-01-31,2020,1,Q1,4W,Toyota,20359,,,,
2020-02-29,2020,2,Q1,4W,Toyota,20497,,,,
2020-03-31,2020,3,Q1,4W,Toyota,14242,,,,
2020-04-30,2020,4,Q2,4W,Toyota,12724,,,20359.0,-37.5
2020-05-31,2020,5,Q2,4W,Toyota,13244,,,20497.0,-35.39
2020-06-30,2020,6,Q2,4W,Toyota,11653,,,14242.0,-18.18
2020-07-31,2020,7,Q3,4W,Toyota,8852,,,12724.0,-30.43
2020-08-31,2020,8,Q3,4W,Toyota,8111,,,13244.0,-38.76
2020-09-30,2020,9,Q3,4W,Toyota,13413,,,11653.0,15.1
2020-10-31,2020,10,Q4,4W,Toyota,14398,,,8852.0,62.65
2020-11-30,2020,11,Q4,4W,Toyota,13674,,,8111.0,68.59
2020-12-31,2020,12,Q4,4W,Toyota,11660,,,13413.0,-13.07
2021-01-31,2021,1,Q1,4W,Toyota,16548,20359.0,-18.72,14398.0,14.93
2021-02-28,2021,2,Q1,4W,Toyota,13736,20497.0,-32.99,13674.0,0.45
2021-03-31,2021,3,Q1,4W,Toyota,18203,14242.0,27.81,11660.0,56.11
2021-04-30,2021,4,Q2,4W,Toyota,16609,12724.0,30.53,16548.0,0.37
2021-05-31,2021,5,Q2,4W,Toyota,15052,13244.0,13.65,13736.0,9.58
2021-06-30,2021,6,Q2,4W,Toyota,17207,11653.0,47.66,18203.0,-5.47
2021-07-31,2021,7,Q3,4W,Toyota,18627,8852.0,110.43,16609.0,12.15
2021-08-31,2021,8,Q3,4W,Toyota,16358,8111.0,101.68,15052.0,8.68
2021-09-30,2021,9,Q3,4W,Toyota,20370,13413.0,51.87,17207.0,18.38
2021-10-31,2021,10,Q4,4W,Toyota,27560,14398.0,91.42,18627.0,47.96
2021-11-30,2021,11,Q4,4W,Toyota,26931,13674.0,96.95,16358.0,64.64
2021-12-31,2021,12,Q4,4W,Toyota,23936,11660.0,105.28,20370.0,17.51
2022-01-31,2022,1,Q1,4W,Toyota,24265,16548.0,46.63,27560.0,-11.96
2022-02-28,2022,2,Q1,4W,Toyota,24039,13736.0,75.01,26931.0,-10.74
2022-03-31,2022,3,Q1,4W,Toyota,23198,18203.0,27.44,23936.0,-3.08
2022-04-30,2022,4,Q2,4W,Toyota,28895,16609.0,73.97,24265.0,19.08
2022-05-31,2022,5,Q2,4W,Toyota,19461,15052.0,29.29,24039.0,-19.04
2022-06-30,2022,6,Q2,4W,Toyota,21188,17207.0,23.14,23198.0,-8.66
2022-07-31,2022,7,Q3,4W,Toyota,16335,18627.0,-12.3,28895.0,-43.47
2022-08-31,2022,8,Q3,4W,Toyota,18616,16358.0,13.8,19461.0,-4.34
2022-09-30,2022,9,Q3,4W,Toyota,21726,20370.0,6.66,21188.0,2.54
2022-10-31,2022,10,Q4,4W,Toyota,26585,27560.0,-3.54,16335.0,62.75
2022-11-30,2022,11,Q4,4W,Toyota,26844,26931.0,-0.32,18616.0,44.2
2022-12-31,2022,12,Q4,4W,Toyota,21557,23936.0,-9.94,21726.0,-0.78
2023-01-31,2023,1,Q1,4W,Toyota,26572,24265.0,9.51,26585.0,-0.05
2023-02-28,2023,2,Q1,4W,Toyota,23469,24039.0,-2.37,26844.0,-12.57
2023-03-31,2023,3,Q1,4W,Toyota,27351,23198.0,17.9,21557.0,26.88
2023-04-30,2023,4,Q2,4W,Toyota,25351,28895.0,-12.27,26572.0,-4.6
2023-05-31,2023,5,Q2,4W,Toyota,22610,19461.0,16.18,23469.0,-3.66
2023-06-30,2023,6,Q2,4W,Toyota,26665,21188.0,25.85,27351.0,-2.51
2023-07-31,2023,7,Q3,4W,Toyota,21625,16335.0,32.38,25351.0,-14.7
2023-08-31,2023,8,Q3,4W,Toyota,18844,18616.0,1.22,22610.0,-16.66
2023-09-30,2023,9,Q3,4W,Toyota,27103,21726.0,24.75,26665.0,1.64
2023-10-31,2023,10,Q4,4W,Toyota,27299,26585.0,2.69,21625.0,26.24
2023-11-30,2023,11,Q4,4W,Toyota,27561,26844.0,2.67,18844.0,46.26
2023-12-31,2023,12,Q4,4W,Toyota,24058,21557.0,11.6,27103.0,-11.23
2024-01-31,2024,1,Q1,4W,Toyota,26799,26572.0,0.85,27299.0,-1.83
2024-02-29,2024,2,Q1,4W,Toyota,29066,23469.0,23.85,27561.0,5.46
2024-03-31,2024,3,Q1,4W,Toyota,27567,27351.0,0.79,24058.0,14.59
2024-04-30,2024,4,Q2,4W,Toyota,29356,25351.0,15.8,26799.0,9.54
2024-05-31,2024,5,Q2,4W,Toyota,25968,22610.0,14.85,29066.0,-10.66
2024-06-30,2024,6,Q2,4W,Toyota,26668,26665.0,0.01,27567.0,-3.26
2024-07-31,2024,7,Q3,4W,Toyota,23910,21625.0,10.57,29356.0,-18.55
2024-08-31,2024,8,Q3,4W,Toyota,23761,18844.0,26.09,25968.0,-8.5
2024-09-30,2024,9,Q3,4W,Toyota,27829,27103.0,2.68,26668.0,4.35
2024-10-31,2024,10,Q4,4W,Toyota,39700,27299.0,45.43,23910.0,66.04
2024-11-30,2024,11,Q4,4W,Toyota,39023,27561.0,41.59,23761.0,64.23
2024-12-31,2024,12,Q4,4W,Toyota,29152,24058.0,21.17,27829.0,4.75
